,ID,Timestamp,Tweet URL,Keywords,Account handle,Account name,Account bio,Account type,Joined,Following,Followers,Tweet,Reasoning,Tweet Type,Date posted,Content type,Likes,Replies,Retweets,Quote Tweets,Satire,z_score
0,58-1,28/03/2023 06:55:31,https://twitter.com/alterpino/status/1458109191390855168,bayaran npa rally since:2016-01-01 until:2021-12-31,@alterpino,ccriss,Simple,Identified,2020-06-01,595,12,@jeffpfernandez1 Pinaniniwalaan mo ung mga kampon mong NPA KOMUNISTA NA lumalabag sa gobyerno kampon ng dilwan n nag phirap sa pilipinas siguro happy ka s kkarampot n binyad s inio nung pinag rally kyo ng mga aquino nhoe kya utak mo bayaran bobo,"The claim that Robredo is connected with CPP-NPA has no basis

https://www.factrakers.org/post/ntf-elcac-repeats-baseless-claim-on-robredo-npa-connection","Text, Reply",2021-11-10 00:28:00,Emotional,0,1,0,0,False,-0.35025140344172717
1,58-2,28/03/2023 06:55:31,https://twitter.com/PagasaNg/status/1141262519152959488,bayaran npa rally since:2016-01-01 until:2021-12-31,@PagasaNg,Sarah Elago NPA ng rallylistang bayaran kabataan,None,Anonymous,2019-05-01,1,16,@KabataanPL Kabataan PL mga BAYARAN KABATAAN para guluhin Ang bansa at papasok SA NPA. pinaglalaban ang mahihirap na tao.pero kayo KABATAAN PL kumikita Ng mlaking halagang pera sa rally. https://t.co/LmKgVC7Pg7,"The claim that Kabataan Partylist earns a large income in joining rallies has no basis. Rather it is a progressive sectoral political organization that ""holds a seat at the House of Representatives ... representing the youth sector""

https://www.rappler.com/newsbreak/fact-check/makabayan-lawmakers-communist-guerillas-urban-operatives/","Text, Reply, Image",2019-06-19 15:32:00,Rational,1,2,0,0,False,-0.20293117525314552
2,58-3,28/03/2023 06:55:31,https://twitter.com/PagasaNg/status/1141239481804001280,bayaran npa rally since:2016-01-01 until:2021-12-31,@PagasaNg,Sarah Elago NPA ng rallylistang bayaran kabataan,None,Anonymous,2019-05-01,1,16,@AnakbayanCVT @AnakbayanST ANAKBAYAN Sila Yung ssalita SA mga BAYARAN KABATAAN para guluhin Ang bansa at papasok SA NPA. pinaglalaban ninyo mahihirap tao.pero kayo ANAKBAYAN kumikita Ng mlaking halaga srally. Hanggang ngayon pinaglalaban ninyo wlang katapusan Kasi Kung mattaposyung rally wla kayo shod https://t.co/ZgqfAkxtbq,The claim that Anakbayan members are earning a large income in joining rallies has no basis,"Text, Reply, Image",2019-06-19 14:01:00,Rational,0,0,0,0,False,-0.35025140344172717
3,58-4,28/03/2023 07:12:24,https://twitter.com/lim199x/status/1282003597052407812,bayaran para magrally since:2016-01-01 until:2021-12-31,@lim199x,Ghost,None,Anonymous,2018-11-01,20,10,"@Najshhhhh @KBotyog @juLiusbabao Kahit di na data e, dito lang sa twitter dito kayo nagkakalat, dami pang trolls na kakakagawa lang netong 2020. üôÑ
 
 Sa fb naman saktuhan lang dami nyo. üò±
 
 In real life? Grabe yung mhhirap na tao ang gngamit para lang magrally at bayaran ng 500. Kahit di na ikaw, matic join kna.",The claim that 500 pesos is given to people who participate in rallies has no basis,"Text, Reply",2020-07-12 00:27:00,Emotional,0,1,0,0,False,-0.35025140344172717
4,58-5,28/03/2023 07:12:24,https://twitter.com/888_levi/status/1245913646988849160,bayaran para magrally since:2016-01-01 until:2021-12-31,@888_levi,Levi,Never be bullied into silence. Never allow yourself to be made a victim. Accept no one's definition of your life; define yourself.,Anonymous,2012-05-01,1033,104,@vicegandako PURO KAYO REKLAMO KAHIT D2 DIN NMAN SA MINDANAO DELAYED SINISI BA NAMIN SI DUTERTE HINDI KASI KAMI BAYARAN PARA MAG RALLY NUNG NAG MARTIAL LAW D2 KAYO PA MAY GANA MAGRALLY TATAAS NG RATE NYO JAN MGA POLPOL KAYO! https://t.co/nY9b97VEDz,The claim that people who go to rallies gain higher pay rate has no basis,"Text, Reply, Image",2020-04-03 10:18:00,Emotional,0,0,0,0,False,-0.35025140344172717
5,58-6,28/03/2023 07:12:24,https://twitter.com/571e256ad364416/status/1149064184052813825,bayaran para magrally since:2016-01-01 until:2021-12-31,@571e256ad364416,formaline,None,Anonymous,2015-06-01,74,10,@choy_kapitan bayaran para magrallyüòé,The claim that civilians are paid in order to participate in rallies has no basis,Text,2019-07-11 04:13:00,Emotional,1,0,0,0,False,-0.20293117525314552
6,58-7,28/03/2023 07:12:24,https://twitter.com/lifeinkz/status/1049229675594100739,bayaran para magrally since:2016-01-01 until:2021-12-31,@lifeinkz,Showbizph,bibliophile,Anonymous,2013-10-01,1160,243,"@rekenerer Just because sa UP ka lang nagaaral, respected ka na? Look at yourself, may nagawa ka ba sa bayan o isa kalang sa mga bayaran sa kalye para magrally! Feeling privileged,feeling matalino! Gumawa ka muna ng para sa bayan before you open your big fuckngg mouth!",The claim that UP students are paid in order to participate in rallies in the streets has no basis,Text,2018-10-08 16:27:00,Emotional,0,0,0,0,False,-0.35025140344172717
7,58-8,28/03/2023 07:12:24,https://twitter.com/ipnieves07/status/1042371194924654595,bayaran para magrally since:2016-01-01 until:2021-12-31,@ipnieves07,Ian Paul Nieves,I always the truth even when I lie. √∞≈∏‚Äù¬•,Identified,2012-08-01,637,57,Maraming kapalpakan ang Administrasyong Du30 pero di ako tanga para sumama sa mga bobong bayaran para magrally at pabagsakin ang Administrasyong ito.,The claim that critics of the Duterte administration who join rallies are paid has no basis,Text,2018-09-19 18:13:00,Emotional,0,0,0,0,False,-0.35025140344172717
8,58-9,28/03/2023 07:12:24,https://twitter.com/binong070879/status/995464144777240576,bayaran para magrally since:2016-01-01 until:2021-12-31,@binong070879,Papabes,None,Anonymous,2009-06-01,117,8,"@robertkaaatz Isa ka ba sa nga bayaran para magrally tulad ng mga to.
 https://t.co/CkpnkizArn",The claim that civilians are paid in order to participate in rallies has no basis,"Text, Link",2018-05-13 07:42:00,Emotional,0,0,0,0,False,-0.35025140344172717
9,58-10,28/03/2023 07:12:24,https://twitter.com/nikkoarnedang/status/959210396300271616,bayaran para magrally since:2016-01-01 until:2021-12-31,@nikkoarnedang,icko,Do what√¢‚Ç¨‚Ñ¢s right at the right time!,Identified,2010-05-01,381,83,"Wtf ano ba pinaglalaban nyo?
 
 Magkano ang binabayad sa inyong katangahan para magrally? Mga bayaran at puro... https://t.co/y1WNe2YFar",The claim that civilians are paid in order to participate in rallies has no basis,"Text, Link",2018-02-02 07:42:00,Emotional,0,0,0,0,False,-0.35025140344172717
10,58-11,28/03/2023 07:12:25,https://twitter.com/yyassssammaqq/status/930429491217711104,bayaran para magrally since:2016-01-01 until:2021-12-31,@yyassssammaqq,’°’∫÷Ä’•’¨,In the middle of the SEA,Anonymous,2014-02-01,172,1176,Dapat pinipinturahan mga mukha at sinasabuyan ng pakain sa baboy ang mga yan e. Mga perwisyo. Mga bayaran lang. Kung wala silang trabaho saan sila kumuha ng pamasahe at pondo para magrally? In short mga perwisyong bayaran lang! üôÑüôÑüôÑ https://t.co/BVjf5nbfyt,The claim that activists from militant and civic groups are paid in order to participate in rallies has no basis,"Text, Reply, Video",2017-11-14 21:37:00,Emotional,1,0,0,1,False,-0.20293117525314552
11,58-12,28/03/2023 07:12:25,https://twitter.com/yaroiuqator/status/882184964720209920,bayaran para magrally since:2016-01-01 until:2021-12-31,@yaroiuqator,Ray A. Rotaquio,Site Engineer Motexo Technical Services,Identified,2013-03-01,91,125,"@zenszei @igignoramus Tanong lang sa inyo. Sa tingin nyo proud ang magulang, asawa at anak nya s pagiging bayaran para magrally? Anong klasing tao to? Tao b to?",The claim that civilians are paid in order to participate in rallies has no basis,"Text, Reply",2017-07-04 17:31:00,Emotional,1,0,0,0,False,-0.20293117525314552
12,58-13,28/03/2023 07:12:25,https://twitter.com/lynredw/status/879474660546560000,bayaran para magrally since:2016-01-01 until:2021-12-31,@lynredw,marilyn redwood,None,Anonymous,2013-01-01,19,2,DI KAYO NAKATULONG AT DOON LANG KAYO SA LUZON.MGA BAYARAN KAYO PARA MAGRALLY.UNAHIN NYO ANG PAMILYA NYO HA?DI PAGRARALY ANG INAATUPAG! https://t.co/tPGKQvvblb,The claim that civilians are paid in order to participate in rallies has no basis,"Text, Reply",2017-06-27 06:01:00,Emotional,0,0,0,0,False,-0.35025140344172717
13,58-14,28/03/2023 07:12:25,https://twitter.com/adimaculangan/status/799639497835036673,bayaran para magrally since:2016-01-01 until:2021-12-31,@adimaculangan,Alvin Dimaculangan,None,Identified,2010-08-01,17,7,@Jimparedes o ano asan na rally nyo ? Hakot pa kayo ng bayaran para magrally ha ha ha laos kana,The claim that rallies are formed by looking for civilians to pay for their participation has no basis.,"Text, Reply",2016-11-18 23:44:00,Emotional,0,0,1,0,False,-0.35025140344172717
14,58-15,28/03/2023 07:23:21,https://twitter.com/RonaldF81584775/status/1448953708876865545,rally komunista npa since:2016-01-01 until:2021-12-31,@RonaldF81584775,"
BBM/Sarah ‚úåÔ∏è‚úåÔ∏èüëäüëä‚ù§Ô∏èüíöüáµüá≠",Honest and I hate the liar,Anonymous,2020-09-01,712,320,@Ms_Trizzia_ Paano wala alam kundi mag rally at lasunin ng mga komunista NPA ang mga kabataan.,"The claim that people who participate in rallies are linked to communists or the insurgent group NPA has no basis

https://verafiles.org/articles/vera-files-fact-check-pa-ulit-ulit-badoy-gumawa-ng-pahayag-na-walang-basehan-tungkol-kay-robredo-koneksyon-ng-mga-partylist-sa-cpp-npa-ndf","Text, Reply",2021-10-15 17:07:00,Emotional,0,0,0,0,False,-0.35025140344172717
15,58-16,28/03/2023 07:23:21,https://twitter.com/msuniversemimi/status/1439590204201787395,rally komunista npa since:2016-01-01 until:2021-12-31,@msuniversemimi,Ateh Mimi,Architect (INTJ-T) https://t.co/ixiQcLH8uC Market Analyst of the Millennium Historian Symbologist Lambily Volleyball player Pageant Fan #OursDU30 #Uniteam,Anonymous,2012-04-01,385,202,"@dzbb @jhomer_apresto Sana naman po un mga mka Anti DU30, mga rallyistang komunista at mga pakawalang NPA supporters ng mga Delawan na rally ng rally sana mkisama nman kayo sa pandemya. Global po yan at hndi imbento lang. Tapos pagngkasakit iyak iyak tawagin nyo si tatay Mister Presidents üòíüòíüòí","The claim that people who go to rallies are communists has no basis

https://verafiles.org/articles/vera-files-fact-check-pa-ulit-ulit-badoy-gumawa-ng-pahayag-na-walang-basehan-tungkol-kay-robredo-koneksyon-ng-mga-partylist-sa-cpp-npa-ndf","Text, Reply",2021-09-19 21:00:00,Emotional,0,0,0,0,False,-0.35025140344172717
16,58-17,28/03/2023 07:23:21,https://twitter.com/JaredXenos/status/1423097934313267201,rally komunista npa since:2016-01-01 until:2021-12-31,@JaredXenos,jared zane xenos,"Engineer, consultant, builder, world traveler, photographer, artist, patriot",Identified,2013-02-01,250,181,@Zuriel0517 @LakasNgTimog Tatak ng isang professional na rallyista yan. Sa ka attend ng mga rally ayan nagmukhang unggoy. Diyan siya kumikita sa mga rally sa bayad ng mga financiers na komunista galing sa NPA extortion ng mga kumpanya,The claim that activists who go to rallies are paid and funded by NPA no basis,"Text, Reply",2021-08-05 08:46:00,Emotional,1,0,0,0,False,-0.20293117525314552
17,58-18,28/03/2023 07:23:21,https://twitter.com/MhaeMha04518743/status/1395252959773085703,rally komunista npa since:2016-01-01 until:2021-12-31,@MhaeMha04518743,: ‚ú®ùëÄùíæ ùí¶ùí∂ ‚ú®:,"Anti-Terrorist, Anti-Communist Anti-Corrupt, Anti-Hippocrisy basta anti sa lahat ng kasamaan.
 
 
üëâLove, Peace, Hopeüëäüôè",Anonymous,2021-03-01,67,66,"CTTO:
 Ugaling Komunista, Rally duon, Strike dito, sigaw GUTOM SILA AT AYUDA. may oras magsigaw sa kalye pero walang oras maghanap buhay. CPP NPA NDF, Mga Salot sa Lipunan. Huwag po silang suportahan üëéüëéüëé https://t.co/2cq9Jmykof","The claim that activists are unemployed or are not putting effort into earning a living is false. One example is that a profile of people who participate in rallies are members of labor and worker groups calling for reforms in the labor code.

Attached image contains a statement and a PNP logo, but the image cannot be traced back to Philippine National Police. Therefore the image is fake and misleading.

https://www.cnnphilippines.com/news/2022/11/30/labor-group-protest-bonifacio-day.html","Text, Image",2021-05-20 12:40:00,Emotional,4,1,0,0,False,0.23902950931259934
18,58-19,28/03/2023 07:23:21,https://twitter.com/JohnDel91669838/status/1385202051047575557,rally komunista npa since:2016-01-01 until:2021-12-31,@JohnDel91669838,John Dela Cruz,None,Anonymous,2021-04-01,18,0,"@News5PH Naghahakot ang komunista ng makakasama sa kanilang rally o protesta sa May 1. 
 500 bayad sa bawat sasama sa kanila na galing sa kinotong ng NPA Terrorist...
 Nyahahaha....",The claim that NPA was collecting participants for the 2021 Labor Day rally and paying 500 pesos per head has no basis,"Text, Reply",2021-04-22 19:01:00,Emotional,0,1,0,0,False,-0.35025140344172717
19,58-20,28/03/2023 07:23:21,https://twitter.com/AncaySeigfred/status/1358932184095072257,rally komunista npa since:2016-01-01 until:2021-12-31,@AncaySeigfred,Seigfred Ancay,I've always found Electro- pop lovable and mellow (always) a pleasure to fell back on anti climatic indie rock,Identified,2020-08-01,359,56,@the13thfool Dilawan o komunista NPA mga iyan. Rally now! Abo later---DDS solidüòÖ--- pimp ass,The claim that activists are supporters of the Aquinos or members of the NPA has no basis.,"Text, Reply",2021-02-09 08:14:00,Emotional,0,0,0,0,False,-0.35025140344172717
20,58-21,28/03/2023 07:23:21,https://twitter.com/MamTessCD/status/1337252685020459008,rally komunista npa since:2016-01-01 until:2021-12-31,@MamTessCD,Teresita Curato-Dapoc,None,Identified,2017-12-01,1800,1082,"@missM_028 Rally na agad agad, CHR, Hontiveros, Kiko, Drilon, MAKABAYAN BLOC, God Father Joma Sison, talagang dapat na kayong UBUSIN dito sa PH, o yung mga bagong rekrut ng NPA, NDF, CPP, susunod na kayp kung di kayo titino at kakalas sa mga komunista, teroristang grupo ngNagkakalatNgLagim",The claim that activists and the mentioned names in the tweet are enumerated nex to communists and members of NPA/NDF/CPP is misleading,"Text, Reply",2020-12-11 12:27:00,Emotional,0,0,0,0,False,-0.35025140344172717
21,58-22,28/03/2023 07:23:21,https://twitter.com/Risa77185950/status/1337041835664019462,rally komunista npa since:2016-01-01 until:2021-12-31,@Risa77185950,Risa,Buot pero pikon,Anonymous,2019-04-01,139,51,"@anakbayankeson Hahahahah..mamatay tao?e anong tawag nio sa mga KOMUNISTA, AKTIBISTA AT NPA? Heler! Daming na tuwa ngayon sa ginawa ng administrasyon, at maraming galit na mga kasapi ng NPA esp.the legal fronts kc unti-unti na silang humihina..magkano nmn kaya ang bayad sa rally na yan?ü§îü§îü§îü§î",The claims that activists are linked to NPA and communists and attendees of rallies are paid have no basis,"Text, Reply",2020-12-10 22:29:00,Emotional,0,0,0,0,False,-0.35025140344172717
22,58-23,28/03/2023 07:23:21,https://twitter.com/Abuka1023/status/1336282920877604864,rally komunista npa since:2016-01-01 until:2021-12-31,@Abuka1023,Mark Garcia,None,Anonymous,2014-06-01,37,23,"@gmanews @ArleneBrosas @GabrielaWomenPL rally lang kanina sa Maynila, pinapakita pa nila ang bandila ng CPP-NPA-NDF, hindi na mahihirapan na i-red tag kayo ni @ParladeJr, bakit hindi nyo aminin na komunista kayo at iniidolo nyo si Mao Zedong ng China, hahaha! https://t.co/DCWpVnlBac","The claim that Gabriela Women's Party is linked to a communist group is false. Rather it is a progressive sectoral political organization that ""holds a seat at the House of Representatives ... representing the women‚Äôs sector""

Photo attached by the user is also misleading, since this has no relation with Gabriela PL. Instead, it was taken from a separate post showing a protest of Kabataang Makabayan.

https://www.altermidya.net/gabriela-womens-party-recruits-for-cpp-npa-ndf-pna-claims/

https://twitter.com/CEGPhils/status/1336197854126288896","Text, Reply, Image",2020-12-08 20:14:00,Emotional,0,2,0,0,False,-0.35025140344172717
23,58-24,28/03/2023 07:23:21,https://twitter.com/MamTessCD/status/1330487071924883456,rally komunista npa since:2016-01-01 until:2021-12-31,@MamTessCD,Teresita Curato-Dapoc,None,Identified,2017-12-01,1800,1082,"@benign0 Edi wow, kumita ng husto ang mga oligarkong pari, biro mo nagbayad na mga magulang in advance tapos makikita nilang kasamang nagra rally mga anak kasama mga komunista hehe, goodbye diplomas, hello NPAs, bahala na kung mabalitaang namatay sa encounter sa govt troops as NPA warrior",The claim that civilians attend rallies with communists and join encounters has no basis. Rallies can be staged by different groups for different purposes,Text,2020-11-22 20:23:00,Emotional,1,0,0,0,False,-0.20293117525314552
24,58-25,28/03/2023 07:23:21,https://twitter.com/faithfulness44/status/1329720989773684736,rally komunista npa since:2016-01-01 until:2021-12-31,@faithfulness44,faithfulness88,None,Anonymous,2015-11-01,67,12,sigi mga parents tapatan natin ang mga rally ng mga komunista na yan para ang mga anak natin na nag aaral dyan ma aware sila na ang mga nag recruit sa kanila gagawin silang NPA communista someday!,The claim that students who join rallies in specific universities are recruited by communist groups has no basis,Text,2020-11-20 17:39:00,Emotional,0,0,0,0,False,-0.35025140344172717
25,58-26,28/03/2023 07:23:22,https://twitter.com/MamTessCD/status/1318198140315447296,rally komunista npa since:2016-01-01 until:2021-12-31,@MamTessCD,Teresita Curato-Dapoc,None,Identified,2017-12-01,1800,1082,"@feeedoookz Isali mo laos na talents ng sinarang network, bayarang MSM, miembro ng leftist groups na gaya mo Nabuhay at Mamamatay na kampon ng komunista, teroristang NPA, may budget ka na naman kaya nanghihikayat ng rally, BendisyonanNawaKayoNiCovid19",The claim that activists are funded by communist groups has no basis,Text,2020-10-19 21:31:00,Emotional,0,0,0,0,False,-0.35025140344172717
26,58-27,28/03/2023 07:23:22,https://twitter.com/racheldjn/status/1285005793524363264,rally komunista npa since:2016-01-01 until:2021-12-31,@racheldjn,rachel,I just find myself happy with the simple things.,Anonymous,2020-06-01,177,106,@iamgelie @BanatByOfficial Wow no cute post ba kamo @143redangel? Gusto mo ba ung mukhang galit at may hawak na armas. Ung tipong manghihimok ng rally? ung bang style NPA o KOMUNISTA na handang makipag patayan. Iba ka talaga ANGEL bad influenceüôÉüò¨üò¨,"The claim that activists or civilians who participate in rallies are related to NPA, communists, or murderers is misleading and has no basis","Text, Reply",2020-07-20 07:17:00,Emotional,1,0,0,0,False,-0.20293117525314552
27,58-28,28/03/2023 07:23:22,https://twitter.com/kiks_Iam/status/1271562736531472385,rally komunista npa since:2016-01-01 until:2021-12-31,@kiks_Iam,Apollonia Corleoni,None,Anonymous,2010-03-01,178,15,@CatherineMBern2 @Chixpir1 @teddycasino Bigti dai...halatang taga squatter ka...aka NPA -no permanent address.rally lng ang alamüôÑBIGTI! Hahaha rally pa..FLOP naman.mga komunista in the makingü§Æ,"The implied claim that people who join rallies are linked to NPA or communists and that activists are ""communists in the making"" has no basis","Text, Reply",2020-06-13 04:59:00,Emotional,1,1,0,0,False,-0.20293117525314552
28,58-29,28/03/2023 07:23:22,https://twitter.com/trixygo92/status/1246681855190904833,rally komunista npa since:2016-01-01 until:2021-12-31,@trixygo92,TheBitches,ayaw pa brayt brayt√∞≈∏‚Ñ¢‚Äû,Anonymous,2014-03-01,578,1220,"@teddycasino Karma is real Teddy. Kakaramahin ka din sa pagka ipokeito mo. Dami ng napatay ng mga pinapanigan nyong NPA at komunista leche ka, kaya wag kang ipokrito! Galit kasi di makapag rally, nabawasan ba ang income? üôÑüôÑüôÑ","The claim that people who join rallies receive an income has no basis.

The claim that Teddy Casino is siding with communists is also inaccurate and out of context to the tweet replied to.","Text, Reply",2020-04-05 13:11:00,Emotional,0,0,0,0,False,-0.35025140344172717
29,58-30,28/03/2023 07:23:22,https://twitter.com/redangelx777/status/1246308590849310721,rally komunista npa since:2016-01-01 until:2021-12-31,@redangelx777,Red Angel,Yummy Tummy,Anonymous,2010-11-01,776,40,@ChelDiokno Iwasan muna kasi ang utak aktibista at utak komunista kahit kelan wala pa napala sa mundo mga yan at kahit kelan dina mananaig ang utak demokrasya nagpahirap ng bayan. Galit na ang taong bayan sa mga rally rally sa kalsada dina uso yon.. lalong galit ang taong bayan sa mga NPA.,"The implied claim that ""utak aktibista"" is related to ""utak komunista"" is misleading.

The claim that activists do not bring any good has no basis. In 2017, activists marched and rallied for free tuition for state universities and colleges, which led to the president signing the Universal Access to Quality Tertiary Education Act.

- https://newsinfo.inquirer.net/896276/student-groups-march-for-free-tuition-for-all
- https://www.philstar.com/headlines/2017/08/04/1725026/free-tuition-law-victory-present-future-generations","Text, Reply",2020-04-04 12:28:00,Emotional,0,0,0,0,False,-0.35025140344172717
30,58-31,28/03/2023 07:23:22,https://twitter.com/markiyaki/status/1237560597123747844,rally komunista npa since:2016-01-01 until:2021-12-31,@markiyaki,mark.,"m√É¬©re, je suis fatigu√É¬©.",Identified,2019-01-01,149,230,@tonyocruz mga salot puro rally!! komunista! NPA!,"The claim that civilians who participate in rallies are communists and members of NPA has no basis.

The claim is also out of context to the tweet replied to.","Text, Reply",2020-03-11 10:06:00,Emotional,0,0,0,0,True,-0.35025140344172717
31,58-32,28/03/2023 07:23:22,https://twitter.com/matthewlucas1_2/status/1218364224029609984,rally komunista npa since:2016-01-01 until:2021-12-31,@matthewlucas1_2,another Kamov Ka-50 pilot,Zai's,Identified,2017-03-01,246,57,"""mga npa at komunista salot sa lipunan""
 ""puro kayo rally, wala naman kayo naitutulong""
 
 say no more, https://t.co/thIfjxrsKO","The claim that activists do not bring any good has no basis. In 2017, activists marched and rallied for free tuition for state universities and colleges, which led to the president signing the Universal Access to Quality Tertiary Education Act.

- https://newsinfo.inquirer.net/896276/student-groups-march-for-free-tuition-for-all
- https://www.philstar.com/headlines/2017/08/04/1725026/free-tuition-law-victory-present-future-generations","Text, Link",2020-01-18 10:47:00,Emotional,0,0,0,0,True,-0.35025140344172717
33,58-34,28/03/2023 07:23:22,https://twitter.com/allain_z/status/1161110067346694145,rally komunista npa since:2016-01-01 until:2021-12-31,@allain_z,allain cervantes,chemistry-mathematics-travels-cuisine,Identified,2011-09-01,1072,747,"@teddycasino sila nakikibaka para sa demokrasya, kayong miyembro ng CPP NPA NDF nangguguyo para sa komunista. sila masisipag kayong mga NPA mga tamad. Hintay lang sa kita sa rally at rev tax. pag hindi binigyan mamamatay tao at manununog ng hindi niyo ari-arian. masaya ka na ba? hahaha...","The claim that Teddy Casino is a member of CPP NPA NDF has no basis

The claim that activists do not bring any good has no basis. In 2017, activists marched and rallied for free tuition for state universities and colleges, which led to the president signing the Universal Access to Quality Tertiary Education Act.

- https://newsinfo.inquirer.net/896276/student-groups-march-for-free-tuition-for-all
- https://www.philstar.com/headlines/2017/08/04/1725026/free-tuition-law-victory-present-future-generations","Text, Reply",2019-08-13 09:59:00,Emotional,4,0,0,0,False,0.23902950931259934
34,58-35,28/03/2023 07:23:22,https://twitter.com/livmunar1/status/1062442795992997888,rally komunista npa since:2016-01-01 until:2021-12-31,@livmunar1,Livmunar,None,Anonymous,2015-10-01,381,177,"@mresuello47 @raissawriter @ramonbautista Asus amnesia agad ? Tsk tsk tsk 
 Wag mo na kami utuin sa kabalastugan ng dilaw o ikaw namagdrama alam ng lahat kong ano ginagawa ngdilaw npa komunista tulad nyo .rally rally hikayat ng kabataan wala nman alam basta magkapera sinasama . Asus dyan kayo magaling manloko ng tao","The claim that activists are ""dilaw"" or supporters of the Aquinos and are linked to NPA and communists has no basis.

The claim that rallies are formed by looking for civilians to pay for their participation has no basis.","Text, Reply",2018-11-14 04:31:00,Emotional,0,1,0,0,False,-0.35025140344172717
35,58-36,28/03/2023 07:23:22,https://twitter.com/biritqueen_1765/status/1050813908833853440,rally komunista npa since:2016-01-01 until:2021-12-31,@biritqueen_1765,Gloria,None,Anonymous,2011-09-01,322,187,"@inquirerdotnet @GabrielLaluINQ MAHILIG SA RALLY, REBELDE! NPA! KOMUNISTA! TERORISTA!","The claim that activists or civilians who participate in rallies are related to NPA, communists, terrorists or murderers has no basis","Text, Reply",2018-10-13 01:22:00,Emotional,0,0,0,0,False,-0.35025140344172717
36,58-37,28/03/2023 07:37:34,https://twitter.com/gigaigurlmd/status/1551411459648806912,rally aktibista salot since:2016-01-01 until:2022-12-31,@gigaigurlmd,Giga Basilio Igurashiü©∫,I say what you don't want to hear. You get offended. I just YAWN.ü•± I don't cast pearls before pigs.,Identified,2020-02-01,690,754,@smninews Ang kapal ng mukha ng mga yan. Pinapag-aral ng libre sa state universities pero puro rally ang inaatupag at pagiging aktibista para sa makakaliwang grupo na legal front ng teroristang CPP-NPA-NDF. Tapos kung mag demand kayo wagas?!? Mga salot kayo at pabigat sa lipunan.üò†üëé,The claim that activists that come from state universities are participating in rallies for communists and members of NPA has no basis,"Text, Reply",2022-07-25 10:38:00,Emotional,2,0,0,0,False,-0.05561094706456391
38,58-39,28/03/2023 07:37:34,https://twitter.com/KabagMan/status/1413346168646496260,rally aktibista salot since:2016-01-01 until:2022-12-31,@KabagMan,KabagMan,None,Anonymous,2017-10-01,29,66,"@Aquared29 @heartofemmaus Tigil tigilan nyo kadramahan nyo, mga aktibista salot ng Bayan, mga bayaran 1,000 kada isang araw s rally free food üòÇ, tatamad naman, yan b ang anak ng Bayan, katamaran ang pinaiiral ubos ng reklamo üòÇ","The claim that civilians are paid 1000 pesos, or any amount at all, in order to participate in rallies has no basis","Text, Reply",2021-07-09 10:55:00,Emotional,0,0,0,0,False,-0.35025140344172717
39,58-40,28/03/2023 07:37:34,https://twitter.com/LloydReyes19/status/1376773260847632386,rally aktibista salot since:2016-01-01 until:2022-12-31,@LloydReyes19,Lloyd Reyes,None,Identified,2017-10-01,61,1,"@ABSCBNNews O mga Salot na Dilawan, NPA, bayarang aktibista, tama na muna ang rally. Pila na! HAHAHAHA",The claim that activists are paid in order to participate in rallies has no basis,"Text, Reply",2021-03-30 12:48:00,Emotional,0,0,0,0,False,-0.35025140344172717
40,58-41,28/03/2023 07:37:34,https://twitter.com/dypianco/status/1338681618827907072,rally aktibista salot since:2016-01-01 until:2022-12-31,@dypianco,ginebra ako,None,Anonymous,2020-04-01,23,1,@fdposa HANGGAT MY AKTIBISTANG NANGGUGULO DTO SA PILIPINAS AT RALLY NG RALLY DI MATATAPOS ANG COVID......MGA SALOT NA AKTIBISTA LANG NMN ANG NAGPAPAGULO DTO SA PILIPINAS.......AT MGA WALANG KWENTANG TERRORISTANG NPA.......,The claim that activists are the cause for prolonging the pandemic is misleading and has no basis. ,"Text, Reply",2020-12-15 11:05:00,Emotional,1,0,0,0,False,-0.20293117525314552
41,58-42,28/03/2023 07:37:34,https://twitter.com/MarC012378/status/1317712387198210048,rally aktibista salot since:2016-01-01 until:2022-12-31,@MarC012378,Marl,Basketball Government & Politics Music Music & Entertainment Sports Weather News,Identified,2017-09-01,260,399,@pinoyanghang tulo laway mga yan gusto nila ganun din sila karami. sa thailand kahit uhuging bata nakikisimpatya sa rally nila... dito kahit uhuging bata alam na mga bobo ang mga dilawan at ang mga aktibista rallyista ay mga salot sa lipunan. üëäüëäüëä,"The claim that activists do not bring any good has no basis. In 2017, activists marched and rallied for free tuition for state universities and colleges, which led to the president signing the Universal Access to Quality Tertiary Education Act.

- https://newsinfo.inquirer.net/896276/student-groups-march-for-free-tuition-for-all
- https://www.philstar.com/headlines/2017/08/04/1725026/free-tuition-law-victory-present-future-generations","Text, Reply",2020-10-18 13:21:00,Emotional,1,0,0,0,False,-0.20293117525314552
42,58-43,28/03/2023 07:37:34,https://twitter.com/chizwizz08/status/1317419338824036352,rally aktibista salot since:2016-01-01 until:2022-12-31,@chizwizz08,chiz,Entertainment,Identified,2016-09-01,375,34,"@LiwacsaBoy @zykeezekiel @iamkarendavila walang kwentang presipyo ang pagiging aktibista simula pa sa panahon ni marcos wla nman napala mga aktibista salot na salot panay rally abala sa mga tao at sa trapik pinag lalaban wala sa katwiran..
may panawagan ba ang aktibista na sinunod ng gobyerno? wla nman diba?","The claim that activistsm does not bring any results is inaccurate. It was specifically protests and activism which kicked late dictator Ferdinand Marcos Sr. out of power through the People Power Revolution. 

In 2017, activists marched and rallied for free tuition for state universities and colleges, which led to the president signing the Universal Access to Quality Tertiary Education Act.

- https://newsinfo.inquirer.net/896276/student-groups-march-for-free-tuition-for-all
- https://www.philstar.com/headlines/2017/08/04/1725026/free-tuition-law-victory-present-future-generations","Text, Reply",2020-10-17 17:57:00,Emotional,0,0,0,0,False,-0.35025140344172717
43,58-44,28/03/2023 07:37:34,https://twitter.com/Mrkbryceee/status/1288289874567499777,rally aktibista salot since:2016-01-01 until:2022-12-31,@Mrkbryceee,Brysue,5'9 üáµüá≠ / üèÄ,Identified,2018-01-01,108,45,@AtsumuHoon @JaegerjaquezGr1 @Mayezz_ @PaoloBenjamin_ pwde nman mag reklamo pero required ba tlga mag rally sa ganitong sitwasyon? DDS nanaman reason at palusot nyo sabagay dinyo gusto ma supalpal sa katotohanan sabagay unti unti nakayong babagsak mga bayaran  na aktibista at dilawan! salot sa pag unlad! TAHOL MGA TUTA NG DILAW!!,The claim that activists are paid to join rallies has no basis,"Text, Reply",2020-07-29 08:46:00,Emotional,0,0,0,0,False,-0.35025140344172717
44,58-45,28/03/2023 07:37:34,https://twitter.com/MarC012378/status/1271915571064434688,rally aktibista salot since:2016-01-01 until:2022-12-31,@MarC012378,Marl,Basketball Government & Politics Music Music & Entertainment Sports Weather News,Identified,2017-09-01,260,399,@cnnphilippines @gergcahiles oh come on üò±  hindi taga riyan mga yan. kadamay na naman yan o mga salot sa lipunan na NPA na nagbabalatkayong aktibista. hindi nga pinapakita mukha eh. pag pirmado na yung batas... makakatulog na ng maayos ang naiistorbo sa kalokohan nilang rally rally na yan,"There is no basis linking Kadamay to the NPA but rather, they are a leftist group advocating for living wage and protection for informal workers.
-
https://newsinfo.inquirer.net/1047707/breakaway-kadamay-group-tags-ex-colleagues-as-rebels","Text, Reply",2020-06-14 04:21:00,Emotional,0,0,0,0,False,-0.35025140344172717
45,58-46,28/03/2023 07:37:34,https://twitter.com/MarC012378/status/1160750974882861056,rally aktibista salot since:2016-01-01 until:2022-12-31,@MarC012378,Marl,Basketball Government & Politics Music Music & Entertainment Sports Weather News,Identified,2017-09-01,260,399,@AnakbayanUST well isa pa lang kulangot ang mga ito sa panahon ni marcos... hindi nila matanggap na ang edsa ay lakad lamang ni enrile at sumama si ramos... ang mga aktibista at mga dilawan ay nakisawsaw lang. kay estrada naman nakirally sila pero pag upo ni gma rally pa ren sila... mga salot,"While it is true that Enrile plotted a coup against Marcos, the plan foiled after being found out a day before. Thus, it has no basis that the whole EDSA Revolution was planned by Enrile and Ramos alone.

https://newsinfo.inquirer.net/768673/edsa-30-personalities-whos-who-people-power-revolution","Text, Reply",2019-08-12 10:12:00,Emotional,5,0,1,0,False,0.38634973750118096
46,58-47,28/03/2023 07:37:34,https://twitter.com/Ilusorio06Maria/status/938721143099244544,rally aktibista salot since:2016-01-01 until:2022-12-31,@Ilusorio06Maria,Mary Joy Ellar Ilusorioüçéüç®üçπ,Must be productive and never give up. fighting üí™üí™üí™,Identified,2017-11-01,7,5,#TVPatrol my goodness hindi ko alam kong magkano binabayad sa mga aktibista na yan para pagaksayahan nila ng panahon ang pagra-rally. Bukod sa nakakaistorbo sila nagiging salot na rin sila sa lipunan. Rally sila ng rally wala naman ng yayare. Wala naman sila na re-resolbaüòàüòà,The claim that activists are paid in order to participate in rallies has no basis,Text,2017-12-07 18:45:00,Emotional,1,1,0,0,False,-0.20293117525314552
47,58-48,28/03/2023 07:37:35,https://twitter.com/tonyocruz/status/873575388135407616,rally aktibista salot since:2016-01-01 until:2022-12-31,@tonyocruz,Tonyo Cruz,Filipino üáµüá≠ @manilabulletin columnist,Identified,2007-04-01,1653,32928,"Rally na naman! Mga aktibista, walang mabuting nadudulot! Mga salot! https://t.co/uLta399xPS","The claim that activists do not bring any good has no basis. In 2017, activists marched and rallied for free tuition for state universities and colleges, which led to the president signing the Universal Access to Quality Tertiary Education Act.

- https://newsinfo.inquirer.net/896276/student-groups-march-for-free-tuition-for-all
- https://www.philstar.com/headlines/2017/08/04/1725026/free-tuition-law-victory-present-future-generations","Text, Reply",2017-06-10 23:19:00,Emotional,2,0,0,0,True,-0.05561094706456391
48,58-49,30/03/2023 16:03:39,https://twitter.com/Jojo_NM0213/status/1594647811857027073,rally komunista since:2016-01-01 until:2022-12-31,@Jojo_NM0213,Juan Bulakbol,"Pinoy, Taas noo kahit kanino...",Anonymous,2013-02-01,15,3,"@cnnphilippines @crissydimatulac 200 bayad sa kanila para sumama sa rally,...
500 budget...
300 kupit ng organizer
ü§£ü§£ü§£ü§£ü§£
Tatak komunista",The claims 1.) that activists are paid to join rallies and 2.) are communists have no basis,"Text, Reply",2022-11-21 19:11:00,Rational,0,0,0,0,False,-0.35025140344172717
49,58-50,30/03/2023 16:03:39,https://twitter.com/ReySingcoy/status/1582510897922076672,rally komunista since:2016-01-01 until:2022-12-31,@ReySingcoy,Zombie Mode,None,Anonymous,2020-02-01,498,476,@atomaraullo Kasi naman yung nanay mo may mga photo at video naglabasan na kasama mga komunista. Sumasama pa sa mga rally. Ikundena nyo mga NPA. Para di kayo pagdudahan.,"The claim that Araullo's mom is a communist for joining rallies is misleading and has no basis. Instead, she was an activist against the late dictator Ferdinand Marcos Sr during Martial Law.

https://interaksyon.philstar.com/trends-spotlights/2022/10/20/232036/atom-araullo-calls-out-disinformation-vs-mom/","Text, Reply",2022-10-19 07:10:00,Emotional,4,0,0,0,False,0.23902950931259934
50,58-51,30/03/2023 16:03:39,https://twitter.com/TALO_si_LENI/status/1577883793847119872,rally komunista since:2016-01-01 until:2022-12-31,@TALO_si_LENI,I'm PRO Govt. NO to PUPPETS of NPA & AQUINOS,"I am a filipino. I HONOR GOD, LOVE MY FAMILY, FELLOW FILIPINOS & MY COUNTRY.  NO TO KAKAMPWETS na DILAW,  NO to NPA Terrorist. #TaloSiLeni üòõ TALO si LENI?üòÇüòÖ",Anonymous,2012-01-01,91,111,"PAG HINDI BUMENTA ANG SACRIFICIAL LAMB NA SI LAPID SA MGA TAO, BAKA PLAN B NG DILAWAN AT TERRORIST NPA AY BOMBAHAN AT PAG BARILIN MGA TAO SA  RALLY NG MGA KASAMAHAN NILA, AT OF KORS I BINTANG SA GOBYERNO.  DESPERADO NA MGA DILAW AT KOMUNISTAüòÇüòÄü§™üòÖ‚úåÔ∏è‚úåÔ∏è‚úåÔ∏è‚úåÔ∏è‚úåÔ∏è https://t.co/Rmy2HIYuuX","The claim that supporters of the Aquinos or ""dilawans"" are associated with communists to conspire a bombing is misleading and has no basis","Text, Image",2022-10-06 12:10:00,Emotional,1,0,0,0,False,-0.20293117525314552
51,58-52,30/03/2023 17:03:13,https://twitter.com/fly1ngstar/status/1604390361409159169,aktibista npa since:2016-01-01 until:2022-12-31,@fly1ngstar,rose,None,Anonymous,2021-01-01,55,493,@altermidya @phkule Salamat Lord NATIGOK na si ka JOMA lumason at sumira sa future mga students narecruit nging AKTIBISTA turn NPA! Wala isa na LPshit naligtas bagkos ddma lumala at bastos wla respeto dumami na sila until nging REBELBE p! Kung tunay na LOVE ka JOMA mga pilipino sya mismo magligtas!,The claim that activists end up as NPA members is misleading and has no basis,"Text, Reply",2022-12-18 16:12:00,Emotional,0,0,0,0,False,-0.35025140344172717
52,58-53,30/03/2023 17:03:13,https://twitter.com/fly1ngstar/status/1604343128927764481,aktibista npa since:2016-01-01 until:2022-12-31,@fly1ngstar,rose,None,Anonymous,2021-01-01,55,493,@tonyocruz @rapplerdotcom TONTO utak ka JOMA! Isa ka sa mga pisti dpat TIRISIN un KUTO sa utak mo wala LOVE sa kpwa at pilipinas! Hangad lng bulok ang pilipinas at mahirap mga tao! Ayaw nyo gumanda ang pilipinas! Mabuti NATIGOK ka JOMA sumira sa future mga students narecruit nging AKTIBISTA 2rn NPA! üôèüëè,The claim that activists end up as NPA members is misleading and has no basis,"Text, Reply",2022-12-18 13:12:00,Emotional,4,0,0,0,False,0.23902950931259934
53,58-54,30/03/2023 17:03:13,https://twitter.com/fly1ngstar/status/1604148236931190786,aktibista npa since:2016-01-01 until:2022-12-31,@fly1ngstar,rose,None,Anonymous,2021-01-01,55,493,@teddycasino Salamat NATIGOK un sumira sa future mga students narecruit nging AKTIBISTA turn NPA! Salamat nasa impyierno na sya! HILING ko ikaw na next para mawala na magpahirap mga nauuto nyo! RIP Teddy üëèüëèüôè,The claim that activists end up as NPA members is misleading and has no basis,"Text, Reply",2022-12-18 00:12:00,Emotional,7,0,0,0,False,0.6809901938783441
54,58-55,30/03/2023 17:03:13,https://twitter.com/fly1ngstar/status/1604119036178362369,aktibista npa since:2016-01-01 until:2022-12-31,@fly1ngstar,rose,None,Anonymous,2021-01-01,55,493,@ABManhattan NAGAGALAK at NAGDIWANG mga pilipino sa PAGKATIGOK ni ka JOMA! Nawala salot na PUMATAY sa FUTURE mga students NARECRUIT nging AKTIBISTA turn NPA! Wala kau ingay namatay na lng sila sa TINDIG at TUMINDIG kpwa pilipino db! Hapi kami na kinuha sya ni KAMATAYAN sa IMPYIERNO HANTUNGAN https://t.co/mWtwKJf5sB,"Image contained in the tweet show photos of leftist/progressive organizations, partylists, and activists linking them to NPA. This claim is misleading and has no basis. ","Text, Reply, Image",2022-12-17 22:12:00,Emotional,0,0,0,0,False,-0.35025140344172717
55,58-56,30/03/2023 17:03:14,https://twitter.com/AJAYRIAH66/status/1603241832359809025,aktibista npa since:2016-01-01 until:2022-12-31,@AJAYRIAH66,ako mandirigma hmp,maginoo medyo bastos,Anonymous,2021-09-01,1245,1292,@miamihart Aktibista s una katapusan NPA n sayang ang pinag-aralan. üòé,The claim that activists end up as NPA members is misleading and has no basis,"Text, Reply",2022-12-15 12:12:00,Emotional,2,0,1,0,False,-0.05561094706456391
56,58-57,30/03/2023 17:03:14,https://twitter.com/MarC012378/status/1603183075969888256,aktibista npa since:2016-01-01 until:2022-12-31,@MarC012378,Marl,Basketball Government & Politics Music Music & Entertainment Sports Weather News,Identified,2017-09-01,262,399,@Benj2point0 @atomaraullo Basta anak ng mga aktibista reklamador din. Feeling nila ang solusyon sa problema eh magreklamo. Kaya dapat inuubos ang mga yan e... kung hindi nagiging NPA nagiging pabigat sa kakareklamo.,The claim that children of activists end up as NPA members has no basis,"Text, Reply",2022-12-15 08:12:00,Rational,0,0,0,0,False,-0.35025140344172717
57,58-58,30/03/2023 17:03:14,https://twitter.com/fly1ngstar/status/1601893003286962176,aktibista npa since:2016-01-01 until:2022-12-31,@fly1ngstar,rose,None,Anonymous,2021-01-01,55,493,@inquirerdotnet Mag #kultoLP ang ingay nila! My power b mga U na makulong si PQ! Hntyin kung kaya b nila HIMASUKAN ang batas ng Pilipinas! Pero tunay na sumira sa future mga students narecruit nging AKTIBISTA turn NPA at REBELBE Hapi lng buhay sa Netherlands ka JOMA yn dpat ibitay mga bnyga! üòè,The claim that activists end up as NPA members is misleading and has no basis,"Text, Reply",2022-12-11 18:12:00,Emotional,0,0,0,0,False,-0.35025140344172717
58,58-59,30/03/2023 17:03:14,https://twitter.com/ravenandnicole/status/1601699391168921600,aktibista npa since:2016-01-01 until:2022-12-31,@ravenandnicole,Rev,"production planning supervisor... loves reading and watching movies... KDrama fanatic... BBM solid supporter, daughter of Marcos loyalists.",Identified,2013-06-01,1671,2045,"@KUglyton The question is, is their a brighter & more patriotic future for them now? Hoping the image of UP will be better. Madaming mga magulang n nangangamba dahil s mga kumunistang yan, nagrerecruit ng mga estudyante para maging mga aktibista at NPA. Tuluyan n sanang mawala ang mga yan","The claim that activists from state universities turn to become members of NPA is misleading and has no basis

https://www.altermidya.net/fact-check-up-other-sucs-as-recruitment-agencies-for-cpp-npa-ndf/","Text, Reply",2022-12-11 06:12:00,Emotional,0,0,0,0,False,-0.35025140344172717
59,58-60,30/03/2023 17:03:14,https://twitter.com/AJAYRIAH66/status/1599793421514076160,aktibista npa since:2016-01-01 until:2022-12-31,@AJAYRIAH66,ako mandirigma hmp,maginoo medyo bastos,Anonymous,2021-09-01,1245,1292,@MuySimpatico87 @QueSera53765958 Aktibista ang una sunod NPA. üòé,The claim that activists end up as NPA members is misleading and has no basis,"Text, Reply",2022-12-05 23:12:00,Emotional,4,0,1,0,False,0.23902950931259934
60,58-61,30/03/2023 17:03:14,https://twitter.com/cute_squall10/status/1596285286907973632,aktibista npa since:2016-01-01 until:2022-12-31,@cute_squall10,meow,no1knows....,Anonymous,2010-07-01,99,10,@FairyFufufu @MacLopez769 baka kasi nung subject ay history... nahikayat ng aktibista/NPA kaya ayun tumalino kuno,The claim that puts together activist and NPA supporters side-by-side as one and the same is misleading and has no basis,"Text, Reply",2022-11-26 07:11:00,Emotional,0,0,0,0,False,-0.35025140344172717
61,58-62,30/03/2023 17:03:15,https://twitter.com/RaffyAsis2/status/1594675572835221511,aktibista npa since:2016-01-01 until:2022-12-31,@RaffyAsis2,Raffy Asis,bbm sarah uniteam supporter,Identified,2017-06-01,3780,777,No to npa puksain ang mga npa at aktibista,The claim that activists who are critical of President Marcos Jr are members of NPA is misleading and has no basis,"Text, Reply",2022-11-21 20:11:00,Emotional,0,0,0,0,False,-0.35025140344172717
62,58-63,30/03/2023 17:03:15,https://twitter.com/ANGBAYANKO3/status/1592173465078878208,aktibista npa since:2016-01-01 until:2022-12-31,@ANGBAYANKO3,ANG BAYAN KO,tunay na makabayan ay lumalaban sa mapanlinlang,Anonymous,2022-10-01,45,47,@DuaneAbueva8 Tang ina nyo papatayin nyo kasama nyo tapos ibintang nyo sa gobyerno mga gago kayo yung iba namatay sa encounter kasi aktibista kunwari pero NPA pala tang ina kayo,The claim that NPA members are disguising themselves as activists has no basis,"Text, Reply",2022-11-14 23:11:00,Emotional,0,0,0,0,False,-0.35025140344172717
63,58-64,30/03/2023 17:03:15,https://twitter.com/andrie_0326/status/1589960897203941376,aktibista npa since:2016-01-01 until:2022-12-31,@andrie_0326,andrie,May Paninindigan. Di umaatras pag kakamfuta ang kalaban.,Identified,2019-05-01,113,86,Anong storya ng buhay na puede mong ipagmamalaki? Ang pagiging aktibista? Ang pagiging membro ng CPP NPA NDF na Teroristang Grupo. Ang taas ng tingin sa sarili ni Ateng. Anong kayang nakain nito sa kampo ng NPA?,The claim that activists from progressive organizations are members of NPA has no basis,"Text, Reply",2022-11-08 20:11:00,Emotional,1,1,0,0,False,-0.20293117525314552
64,58-65,30/03/2023 17:03:15,https://twitter.com/Pepe21855368/status/1589139176074592256,aktibista npa since:2016-01-01 until:2022-12-31,@Pepe21855368,Fernando,None,Anonymous,2019-09-01,885,260,@Chilllzzzzzz @SaltAndReality Mismo dating pangulo Duterte sinabi nya tulad mo mga aktibista kasama ng mga NPA. tignan mo noong nagdeliver ng mga relief goods ang DSWD tinambangan ng NPA pagkain para sa taong nadslanta ng bagyong paeng. Mga demonyo sakla nman,The claim that activists are members of NPA has no basis,"Text, Reply",2022-11-06 14:11:00,Emotional,0,2,0,0,False,-0.35025140344172717
65,58-66,30/03/2023 17:03:15,https://twitter.com/iamshanwein/status/1587087154521378816,aktibista npa since:2016-01-01 until:2022-12-31,@iamshanwein,I Am Shanwein,"A vlogger, photographer and ... nothing follows üòé",Identified,2012-02-01,643,1537,"so I heard that 90% of the victims of Martial Law are activists. 

a.k.a soon to be NPA

you should watch Katips, yon and kwento noon. From aktibista to NPA.",The claim that activists end up as NPA members is misleading and has no basis,"Text, Reply",2022-10-31 22:10:00,Rational,2,0,0,0,False,-0.05561094706456391
66,58-67,30/03/2023 17:03:15,https://twitter.com/bea_ron/status/1586218668433604608,aktibista npa since:2016-01-01 until:2022-12-31,@bea_ron,Bea ron,"BBMSARA SUPPORTER
CALL CENTER AGENT
Ambivert
4Th ACCOUNT MADE COZ OF CANCEL CULTURE
WE WILL PROTECT OUR NATION",Identified,2022-03-01,865,499,"SI Rissa HONTIVIRUS PORKE NK INGLES AQL ME LAMAN ANG CONTEXT NG ISSUE 
NIYA SO MAGAAKLAS ANG MGA AKTIBISTA PARA HIKAYATIN MAG NPA 
NAWALAN NG DISIPLINA AT BUMABA ANG MORAL NG KARAMIHANG ISKOLAR NG BAYAN 
HUWAG BALUKTUTIN KUNDI ITAMA 
BAKA MANAGOT KA HONTIVIRUS https://t.co/MDxh8waPFG",The claim that activists are recruiters for NPA is misleading and has no basis.,"Text, Reply, Image",2022-05-12 00:05:00,Emotional,0,0,0,0,False,-0.35025140344172717
67,58-68,03/04/2023 10:04:10,https://twitter.com/ot7_borahaeee/status/1524431108993011713,rally komunista aktibista since:2016-01-01 until:2022-12-31,@ot7_borahaeee,Kookiedough‚Å∑,ü´∂üèª,Anonymous,2020-06-01,1147,954,"Puro kayo rally! Mga aktibista! Mga komunista! Tapos ayaw nyo sa Martial Law? Gago kayo nagpupush na magkaroon, hay Pilipinas.",The claim that activists are communists has no basis,Text,2021-03-16 13:03:00,Emotional,1,0,0,0,False,-0.20293117525314552
68,58-69,03/04/2023 10:04:30,https://twitter.com/MamTessCD/status/1371688640930217988,rally komunista aktibista since:2016-01-01 until:2022-12-31,@MamTessCD,Teresita Curato-Dapoc,None,Identified,2017-12-01,1803,1083,"@deanfortun168 At masaya pa nilang pinagmamalaki paghawak nila ng mga armas, ito ba ang dapat dinadala ng mga aktibista sa mga rally, mukhang mas high caliber pa dala ng kunyari ng mga magsasaka, aktibista kesa law enforcers, the height of hypocrisy ng mga komunista, teroristang NPA, NDF, CPP,","The claim that members of NPA NDF CPP are discguising themselves as activists and farmers has no basis

The claim that the CPP-NPA-NDF are terrorists has no basis. The Manila RTC has ruled these groups as not terrorist groups. 

https://newsinfo.inquirer.net/1669041/court-rebuffs-doj-strikes-down-terror-tag-on-cpp-npa",Text,2020-11-28 13:11:00,Rational,0,0,0,0,False,-0.35025140344172717
69,58-70,03/04/2023 10:04:40,https://twitter.com/pittbull_21067/status/1332557671489146880,rally komunista aktibista since:2016-01-01 until:2022-12-31,@pittbull_21067,PitBull377 üáµüá≠,Former 3-yr Town Councilor & 15-yr Barangay Captain. A local politician and a rural public servant..,Anonymous,2017-03-01,700,423,@rmellaine Naging pugad na kasi ang UP ng mga aktibista at komunista kaya nasasayang ang pera ng bayan lalo na sa tinatawag na mga scholar nila na nangunguna sa rally ng mga makakaliwa. Sorry kung taga UP kayo pro yan po ang pobreng opinyon ko.,"The claim that UP is a den of communists has no basis. Even Ferdinand Marcos Sr., who opposed communists, studied in UP. 

https://www.britannica.com/biography/Ferdinand-E-Marcos","Text, Reply",2020-04-01 17:04:00,Rational,0,1,0,0,False,-0.35025140344172717
70,58-71,03/04/2023 10:04:42,https://twitter.com/FilCitizenPH/status/1245283902283022337,rally komunista aktibista since:2016-01-01 until:2022-12-31,@FilCitizenPH,Gising Pilipinas - No to LP/NDF/CPP/NPA/Partylist,None,Anonymous,2014-08-01,47,50,"@News5AKSYON Na-April Fools Day kayo mga kabayan. MORE RALLY, MORE MONEY! Siguradong ginamit nnaman yan ng mga aktibista at partylist. Walang asenso ang Pilipinas hanggat merong Aktibista, komunista, partylist at LP. Gising Pilipinas!",The claim that activists are paid in order to participate in rallies has no basis,"Text, Reply",2020-04-01 16:04:00,Emotional,0,0,0,0,False,-0.35025140344172717
71,58-72,03/04/2023 10:04:49,https://twitter.com/FilCitizenPH/status/1245260264376807424,rally komunista aktibista since:2016-01-01 until:2022-12-31,@FilCitizenPH,Gising Pilipinas - No to LP/NDF/CPP/NPA/Partylist,None,Anonymous,2014-08-01,47,50,"@inquirerdotnet @CGonzalesINQ MORE RALLY, MORE MONEY! Tatak Terorista, Komunista at Tatak Aktibista! Buwagin na ang Partylist, isa yan sa nagpopondo sakanila. Gising Pilipinas!",The claim that activists are communists has no basis.,"Text, Reply",2019-08-26 17:08:00,Emotional,0,0,0,0,False,-0.35025140344172717
72,58-73,03/04/2023 10:04:51,https://twitter.com/BCT14Avenger/status/1165912042751983617,rally komunista aktibista since:2016-01-01 until:2022-12-31,@BCT14Avenger,RevenantüíÄ‚ôå,FREEDOM IS NOT FREE. It is paid for with the blood of fighting men and stained with the tears of loved ones left behind... ‚úåüëäüáµüá≠‚òá14,Anonymous,2019-05-01,2891,2596,@ikarros1019 @jorenilla @SapphireGir75 malamang walang kaalam alam na aktibista at komunista ang tatay nila... kasi sa halip na mag rally nagtitinda na lang ng kung ano ano sa eskwela para kumita... ang mahirap pag natuto na may pera pala sa welgaüôÑüòÑüòÑhttps://t.co/Xdj3iLt6dv,The claim that civilians are paid in order to participate in strikes has no basis,"Text, Reply, Image",2022-12-16 18:12:00,Rational,2,0,2,0,False,-0.05561094706456391
73,58-74,03/04/2023 10:04:52,https://twitter.com/TeejhayBwon/status/1603701932673028102,rally terorista since:2016-01-01 until:2022-12-31,@TeejhayBwon,OhmNanon_LoveWins,Bl lover,Anonymous,2022-12-01,125,46,@gapolicarpio Di ba sila po ung mga TERORISTA na kasapi ng CPP NPA AT NDF! bakit di pa nakukulong si ms raola manuel? Matapos ipagsigawan sa rally na si PBBM nag order para patayin ung hindi nga kilalala na percy lapid ba un na reporter?,"The claim that members of progressive partylists are terrorists and members of CPP NPA has no basis.

The claim that the CPP-NPA-NDF are terrorists has no basis. The Manila RTC has ruled these groups as not terrorist groups. 

https://newsinfo.inquirer.net/1669041/court-rebuffs-doj-strikes-down-terror-tag-on-cpp-npa","Text, Reply",2022-12-06 00:12:00,Rational,0,0,0,0,False,-0.35025140344172717
74,58-75,03/04/2023 10:04:54,https://twitter.com/TeejhayBwon/status/1598351452443144192,rally terorista since:2016-01-01 until:2022-12-31,@TeejhayBwon,OhmNanon_LoveWins,Bl lover,Anonymous,2022-12-01,125,46,"@chanchi_evo1 Abnormal tong mga TERORISTANG TAGA UP! scholar ka tax namin ginagamit sa iyo tapos wawalwalin mo lang sa mga abnormal nyong rally! Alis muna kayo sa UP MANILA, DILAMAN OR LB man yan! LAYAS KAYO JAN MGA TERORISTA! di kayo welcome sa Pilipinas, kasapi kayo ng cpp NPA ndf! Stupids!",The claim that UP students who join rallies are terrorists and members of CPP NPA has no basis,"Text, Reply",2022-10-21 21:10:00,Emotional,6,1,1,0,False,0.5336699656897625
75,58-76,03/04/2023 10:04:55,https://twitter.com/jimcarino16/status/1583453869866033152,rally terorista since:2016-01-01 until:2022-12-31,@jimcarino16,Jimmy Carino,None,Identified,2015-09-01,417,61,@grldn_0 Eh di wow dapat nman talaga mawala na lahat ng terorista wala ng magandang ginawa para sa bayad kundi mag rally perwisyo sa kalsada para sa ming nagtatrabaho,The claim that civilians are paid in order to participate in rallies has no basis,"Text, Reply",2022-10-07 17:10:00,Emotional,2,2,0,1,False,-0.05561094706456391
76,58-77,03/04/2023 10:04:56,https://twitter.com/SeanAlden8/status/1577445450239836161,rally terorista since:2016-01-01 until:2022-12-31,@SeanAlden8,Sean Alden,None,Anonymous,2021-11-01,618,61,"@DZMMTeleRadyo Bakit walang Ka Percy? ü§£
 
 Tapos ang nag rally connected pa sa NPA na terorista. Bakit kaya naka ready na ang mga materials nga pang rally sa ka alyado ni Ka Leni Robredo at Ka Joma Sison? ü§£
 
 Scripted kaya pagpatay, tulad ni ka Ninoy Aquino ü§£üòÇ https://t.co/NxOD5N6jRb","The claim that journalst and Duterte critic Percy Lapid was affiliated with NPA, and that his assassination was staged has no basis.

The claim that the CPP-NPA-NDF are terrorists has no basis. The Manila RTC has ruled these groups as not terrorist groups. 

https://newsinfo.inquirer.net/1669041/court-rebuffs-doj-strikes-down-terror-tag-on-cpp-npa","Text, Reply, Image",2022-10-01 20:10:00,Emotional,0,1,0,0,False,-0.35025140344172717
77,58-78,03/04/2023 10:04:57,https://twitter.com/Jojo_NM0213/status/1576193810505162754,rally terorista since:2016-01-01 until:2022-12-31,@Jojo_NM0213,Juan Bulakbol,"Pinoy, Taas noo kahit kanino...",Anonymous,2013-02-01,15,3,"@Mustang0020 Wala na bang budget pang rally mga lider mong komunistang terorista at sa socmed ka na nag ngangangawa...
 Sabihan mo si kumander kotong revtax kamo, pang rally mo
 ü§£ü§£ü§£",The claim that civilians are paid in order to participate in rallies has no basis,"Text, Reply",2022-09-11 20:09:00,Emotional,0,1,0,0,False,-0.35025140344172717
78,58-79,03/04/2023 10:04:58,https://twitter.com/Cheche96404254/status/1568943669566394370,rally terorista since:2016-01-01 until:2022-12-31,@Cheche96404254,Cheche‚ù§Ô∏èüíöüáµüá≠,This account is dedicated to my future President#BBM,Anonymous,2021-10-01,370,257,"@Lhen2021 @Tin56327177 @JuanandonlyCruz @Celestine_DKila Ah sus pano mo nasabe n pinabayaan ng gobyerno ang mga tao?dapat kc magsumikap wag panay reklamo,panay rally,inuuna pa ang kuda kesa gawa, walang gobyerno n perpk2 khit cnu p Presidente eupo kung utak katulad mo di pa rin aasenso bnsa lalo n dami pa npa terorista n kasmahan üòÇ","The claim that people who participate in rallies are affiliated with members of NPA has no basis

The claim that the CPP-NPA-NDF are terrorists has no basis. The Manila RTC has ruled these groups as not terrorist groups. 

https://newsinfo.inquirer.net/1669041/court-rebuffs-doj-strikes-down-terror-tag-on-cpp-npa","Text, Reply",2022-08-23 03:08:00,Emotional,1,2,0,0,False,-0.20293117525314552
79,58-80,03/04/2023 10:04:59,https://twitter.com/vlabvs21/status/1561800012949909504,rally terorista since:2016-01-01 until:2022-12-31,@vlabvs21,Kimpoy Palaboy ‚ù§Ô∏èüíö‚úåÔ∏èüëä,Small business owner and boat enthusiast.,Anonymous,2017-05-01,237,58,@sodatwit @IAMGOODHELL Wag ka padaig. Mas bobo ka. Wala kang permit para sa rally mo at sa harap pa mismo ng elementary school ng mga aktibista terorista... Di makauto sa matanda kaya ung musmos ang ibrainwash.,The claim that activists are terrorists has no basis,"Text, Reply",2022-08-23 03:08:00,Emotional,2,0,0,0,False,-0.05561094706456391
80,58-81,03/04/2023 10:04:01,https://twitter.com/vlabvs21/status/1561799322315804672,rally terorista since:2016-01-01 until:2022-12-31,@vlabvs21,Kimpoy Palaboy ‚ù§Ô∏èüíö‚úåÔ∏èüëä,Small business owner and boat enthusiast.,Anonymous,2017-05-01,237,58,"@iamalyssamarieG @jhobzcajigal @iamsuperbianca Rally sa harap ng elementary schools ng mga aktibista terorista? Anong malay ng mga muwang na bata sa protesta nyo? Tantanan nyo ang pandadamay at panggugulo sa mga batang gusto lang pumasok at bumalik sa eskwela. Wag masyadong mapagpanggap, wala na kau mauuto.",The claim that activists are terrorists has no basis,"Text, Reply",2022-08-23 03:08:00,Emotional,10,3,1,1,False,1.122950878444089
81,58-82,03/04/2023 10:04:02,https://twitter.com/vlabvs21/status/1561798106995232769,rally terorista since:2016-01-01 until:2022-12-31,@vlabvs21,Kimpoy Palaboy ‚ù§Ô∏èüíö‚úåÔ∏èüëä,Small business owner and boat enthusiast.,Anonymous,2017-05-01,237,58,@CEGPhils May rally sa elementary school? Aba matinde... Ultimo bata binibrainwash na ng mga aktibistang terorista.. dyan kau manguuto?,The claim that activists are terrorists has no basis,"Text, Reply",2022-08-14 11:08:00,Emotional,0,0,0,0,False,-0.35025140344172717
82,58-83,03/04/2023 10:04:03,https://twitter.com/kahrluhmei/status/1551495339793719297,rally terorista since:2016-01-01 until:2022-12-31,@kahrluhmei,"
üëÄ",Hindi kiss-ass,Anonymous,2010-07-01,82,5665,"Hala nagra-rally, mga terorista! 
 
 Ang daming reklamo, mga NPA!!",The claim that people who rally are terrorists has no basis,"Text, Reply",2022-06-06 22:06:00,Emotional,7,0,1,0,True,0.6809901938783441
83,58-84,03/04/2023 10:04:04,https://twitter.com/JaoSiopao/status/1533819043408670720,rally terorista since:2016-01-01 until:2022-12-31,@JaoSiopao,„Åò„ÇÉ„Åäü´∞üèªüå∏,"‚Ä¢ half human-half coffee ‚Ä¢ üí§üêªüçΩ ‚Ä¢ ‚ôí ‚Ä¢ made of sugar, spice, and a lot of rice",Anonymous,2018-11-01,1961,1245,"@zazeldavinci @vioshunter2020 Wag na sila mamasada. Puro reklamo, puro rally. Mga terorista tong mga to eh. Dapat jan ikulong.",The claim that civilians who participate in rallies are terrorists has no basis,"Text, Reply",2022-06-06 22:06:00,Emotional,0,1,0,0,False,-0.35025140344172717
84,58-85,03/04/2023 11:04:01,https://twitter.com/RotcivRealo/status/1525177080182296576,rally terorista since:2016-01-01 until:2022-12-31,@RotcivRealo,Rotciv Realo,None,Anonymous,2021-10-01,1,1,"@cie_lavie @ABSCBNNews @wenacos Dapat ang paglamayan dyan yang mga nag rally na mga komunistang TERORISTA suporters,,, mga salot talaga kayo mga HAYOP kayo,,,",The claim that activists are terrorist supporters has no basis,"Text, Reply",2022-05-14 02:05:00,Emotional,0,0,0,0,False,-0.35025140344172717
85,58-86,03/04/2023 11:04:01,https://twitter.com/EllimakYoj/status/1524925053770420224,rally terorista since:2016-01-01 until:2022-12-31,@EllimakYoj,S E L E N O P H I L E üåô,"#Pretender
 Unfollow those who unfollows.",Anonymous,2011-05-01,345,471,"Ayaw ng ROTC/CAT ero ag inaya ng mga activista para maging member ng NPA go kayo agad. Wag magpabrainwash sa mga rally. Bet na bet nyo maging terorista ha.
 Check out JLu's video! #TikTok https://t.co/zyHZiVqs7y",The claim that activists are NPA recruiters has no basis,"Text, Link",2022-05-13 09:05:00,Emotional,0,0,0,0,False,-0.35025140344172717
86,58-87,03/04/2023 11:04:01,https://twitter.com/warrioretez/status/1524350293114204160,rally terorista since:2016-01-01 until:2022-12-31,@warrioretez,warrioretez,None,Anonymous,2009-11-01,816,2282,Nako vp sara baka pwedeng alisan ng scholarship ang mga sumasama sa rally ng mga terorista,The claim that activists are terrorists has no basis,"Text, Reply",2022-05-11 19:05:00,Emotional,3,0,1,0,False,0.0917092811240177
87,58-88,03/04/2023 11:04:01,https://twitter.com/red_green_2022/status/1505753699389345794,rally terorista since:2016-01-01 until:2022-12-31,@red_green_2022,Xander Ford,None,Anonymous,2021-11-01,76,56,@ShameOnYouPpl Kalahati ng rally mga terorista. Nakakatakot naman. At least alam na natin kung gano karami ang bumubuo ng 16%.,"The claim that civilians who rally are terrorists has no basis

The claim that half of the participants of the rally are terrorists is inaccurate and has no basis.","Text, Reply",2022-03-21 11:03:00,Emotional,0,0,0,0,False,-0.35025140344172717
88,58-89,19/04/2023 15:28:08,https://twitter.com/ioannesesledieu/status/1454365410904641542,rally pumatay until:2021-12-31 since:2016-01-01,@ioannesesledieu,G ·¥Ä  ô  ô  èüå¥| ùêÖùêàùêãùêàùêèùêàùêçùêé ùêÖùêàùêëùêíùêì,"ùêàùêåùêèùêÑùêëùêàùêÄùêã ùêèùêáùêàùêãùêàùêèùêèùêàùêçùêÑùêí

Naturalist üå± ‚Ä¢ Ultra-Nationalist ‚Ä¢ Stoic ‚Ä¢ Marcos Loyalist ‚Ä¢",Identified,2015-09-01,310,223,@bryeian_ @bamaquino Ah talaga si Marcos yung nag rally para tumigil ang ekonomiya at magutom lahat??? Si Marcos namundok at pumatay ng tao??? Adik kaba?,The author insinuates that rallyists go to the mountains and kills people. This has no basis.,"Text, Reply",2021-10-30 16:31:00,Emotional,0,1,0,0,False,-0.35025140344172717
89,58-90,19/04/2023 15:28:08,https://twitter.com/ioannesesledieu/status/1451250251885682688,rally pumatay until:2021-12-31 since:2016-01-01,@ioannesesledieu,G ·¥Ä  ô  ô  èüå¥| ùêÖùêàùêãùêàùêèùêàùêçùêé ùêÖùêàùêëùêíùêì,"ùêàùêåùêèùêÑùêëùêàùêÄùêã ùêèùêáùêàùêãùêàùêèùêèùêàùêçùêÑùêí

Naturalist üå± ‚Ä¢ Ultra-Nationalist ‚Ä¢ Stoic ‚Ä¢ Marcos Loyalist ‚Ä¢",Identified,2015-09-01,310,223,"@inquirerdotnet Si Marcos ba nag rally, pumatay ng mga sundalo, at nang abuso ng kapwa pilipino?
 
 Diba kayo kayo lang yon at hinuli lang kayo ng Militar?","The author insinuates rallyists of EDSA People Power abuses people and kills soldiers. This has no basis. In fact, the EDSA Revolution was largely peaceful.

https://www.officialgazette.gov.ph/edsa/#:~:text=This%20spirit%20of%20the%20movement,nation%20united%20to%20reclaim%20liberty","Text, Reply",2021-10-22 02:13:00,Emotional,2,1,0,0,False,-0.05561094706456391
90,58-91,19/04/2023 15:28:08,https://twitter.com/ioannesesledieu/status/1441300543238914054,rally pumatay until:2021-12-31 since:2016-01-01,@ioannesesledieu,G ·¥Ä  ô  ô  èüå¥| ùêÖùêàùêãùêàùêèùêàùêçùêé ùêÖùêàùêëùêíùêì,"ùêàùêåùêèùêÑùêëùêàùêÄùêã ùêèùêáùêàùêãùêàùêèùêèùêàùêçùêÑùêí

Naturalist üå± ‚Ä¢ Ultra-Nationalist ‚Ä¢ Stoic ‚Ä¢ Marcos Loyalist ‚Ä¢",Identified,2015-09-01,310,223,@VergilChua Ang Martial Law ang pumigil sa Communist Struggle ninyo. Hindi si Marcos ang nag rally at pumatay ng libo-libong katao. Kayo yon. Mga ulol.,"The author insinuates rallyists of EDSA People Power abuses people and kills soldiers. This has no basis. In fact, the EDSA Revolution was largely peaceful.

https://www.officialgazette.gov.ph/edsa/#:~:text=This%20spirit%20of%20the%20movement,nation%20united%20to%20reclaim%20liberty","Text, Reply",2021-09-24 15:16:00,Emotional,1,0,1,0,False,-0.20293117525314552
92,58-93,19/04/2023 15:28:08,https://twitter.com/DDS_BBM/status/1385354216240082944,rally pumatay until:2021-12-31 since:2016-01-01,@DDS_BBM,J. F.,None,Anonymous,2013-11-01,479,119,"@chadachada17 @teddycasino NPA? From the boodocks now in the city? Inst3ad of rally, pantry na? Better naman kesa pumatay. Tama lang yan given the revolutionary tax na eextort nila. Butthurt ka? Lols.","The author insinuates that rallysists and Teddy Cansino are members of the NPA, this has no basis.

In fact, Teddy Cansino is an activist was a representative of Bayan Muna.

https://newsinfo.inquirer.net/395107/teddy-casino-leftist-but-not-communist","Text, Reply",2021-04-23 06:05:00,Emotional,0,0,0,0,False,-0.35025140344172717
93,58-94,19/04/2023 15:28:08,https://twitter.com/DDS_BBM/status/1385310288715554817,rally pumatay until:2021-12-31 since:2016-01-01,@DDS_BBM,J. F.,None,Anonymous,2013-11-01,479,119,@soltaule @richardbolisay Kayo wala ng pag asa. Pati bayanihan ginagamit nyo. Hubad na kayo. Pero better na yan kasi pumatay kayo at mag rally. Just dont recruit.,"The author insinuates that activists like Sol Taute recruits and kills with the NPA, this has no basis.

In fact, Sol Taute is an activists and serves as a lawyer of the organization Karapatan.

https://www.dailypedia.net/2020/05/dailypipol-meet-the-pinay-lawyer-who-chose-to-serve-the-poor/","Text, Reply",2021-04-23 03:11:00,Emotional,0,1,0,0,False,-0.35025140344172717
95,58-96,19/04/2023 15:28:09,https://twitter.com/ayabheng/status/1319162374171942912,rally pumatay until:2021-12-31 since:2016-01-01,@ayabheng,Ayabheng,female,Anonymous,2018-12-01,125,28,"Really? Nanghihikayat sila na mag rally mga pilipino para sa ""justice for baby river"" at ipa ousted ang presidente,bakit pala si du30 ba pumatay sa bata? Eh ang sabi NPA ang ina at ang kaso illegal possession of fire arm,So mas inuna pa niya mag dala ng baril","The activist Reina Mae Santos was never proven to be a member of the NPA and the court of appeals has alreadt ruled to exclude evidence allegedly seized from their arrest.

https://www.philstar.com/headlines/2022/12/22/2232601/reina-mae-nasino-2-other-activists-freed-after-three-years-detention",Text,2020-10-22 14:23:00,Emotional,0,0,0,0,False,-0.35025140344172717
96,58-97,19/04/2023 15:28:09,https://twitter.com/jamwelrampjan/status/1318459937425481729,rally pumatay until:2021-12-31 since:2016-01-01,@jamwelrampjan,lewis,"kung ayaw mo ang pagbabago, it‚Äôs all your choiceüëäüëäüëä",Anonymous,2014-07-01,332,153,@jose_samaritan Totoo anak mo yan pneumonia ang pumatay diyan. Anong pinaglalaban mo?? Pag kato ng ambush at pumatay ng bata nag rally ba yong namatayan?? PUTANG INA NYO,"The activist Reina Mae Santos was never proven to be a member of the NPA and the court of appeals has alreadt ruled to exclude evidence allegedly seized from their arrest.

https://www.philstar.com/headlines/2022/12/22/2232601/reina-mae-nasino-2-other-activists-freed-after-three-years-detention",Text,2020-10-20 15:51:00,Emotional,5,0,0,0,False,0.38634973750118096
98,58-99,19/04/2023 15:28:09,https://twitter.com/n4qpu/status/1311224588093722624,rally pumatay until:2021-12-31 since:2016-01-01,@n4qpu,ÊµúÂ¥é Â§èÊµ∑ üèÖ,"I rant based on my judgment
 I also slap onion-skinned milktea wokes
 MY TWITTER ACCOUNT, MY RULES!",Anonymous,2019-05-01,428,498,"Diumanong komunista? Na wala nang ibang ginawa kundi manira at mag-vandal ng gov't property, magsunog ng effigy at kung anu-ano tuwing rally, mag-indoctrinate ng maling paniniwala ng komunismo, at pumatay ng mga inosenteng mamamayan at sundalo? Tell that to urself @risahontiveros",The author is desginating rallyists as terorists who destroy government property and kill innocent soldiers. This is unfounded,"Text, Reply",2020-09-30 16:41:00,Emotional,1,0,0,0,False,-0.20293117525314552
99,58-100,19/04/2023 15:28:09,https://twitter.com/JackAmmo15/status/1297072997292015617,rally pumatay until:2021-12-31 since:2016-01-01,@JackAmmo15,Jack Ammo,not a fan of the yellow cult and NPA terrorist..,Anonymous,2020-01-01,25,1,@PhilstarNews nasa bundok na mga pumatay dyan doon kayo mag rally,"On the murder of Randy Echanis, evidence suggest that it was done by state forces rather than NDFP members. 

https://www.rappler.com/nation/anakpawis-chair-randy-echanis-killed-inside-quezon-city-home/","Text, Reply",2020-08-22 15:27:00,Emotional,0,0,0,0,False,-0.35025140344172717
101,58-102,19/04/2023 16:32:05,https://twitter.com/Ronaldo20296669/status/1331388202175836166,aktibista terorista npa until:2021-12-31 since:2016-01-01,@Ronaldo20296669,Dilawanshit,Honest Man I hate the Liars/Dignity,Anonymous,2017-05-01,778,52,"@JULESguiang @sarahelago Palusot pa pero buking na at dinadaan sa paawa.Saan galing ang Terorista NPA siempre sa mga aktibista na recruit sa mga unibersidad sa pamumuno ng mga Leftists na Makabayan bloc terorista.Tinuturo sa kanila ang pagsisinungaling di ba @sarahelago bistado na kayo
 #YesredTagging","The author insinuates that Sarah Elago and the Makabayan Bloc recruits members for the NPA.

This has no basis.

https://verafiles.org/articles/vera-files-fact-check-yearender-a-relentless-stream-of-red-tagging-in-2022","Text, Reply",2020-11-25 08:04:00,Emotional,4,0,0,0,False,0.23902950931259934
102,58-103,30/03/2023 17:55:16,https://twitter.com/Itsumonako/status/1581377321302302721,aktibista npa since:2016-01-01 until:2022-12-31,@Itsumonako,Itsumo,Makatas,Anonymous,2022-03-01,497,19,@pads_nosi NPA na pari?? Aktibista pa! Wahahaha,The claim that civilians who participate in rallies for farmers are members of NPA has no basis,"Text, Reply",2022-10-16 04:11:00,Emotional,1,0,1,0,False,-0.20293117525314552
103,58-104,30/03/2023 17:55:16,https://twitter.com/SimpleITGuy/status/1581275472193024000,aktibista npa since:2016-01-01 until:2022-12-31,@SimpleITGuy,Mar,"Im an IT and computer technician, i can fix anything.",Anonymous,2011-08-01,712,73,@pads_nosi Ah pota NPA din pala ito at aktibista now i know kaya pala ganun nalang ang lumalabas a√±sa bibig ng baklang pari na ito. OK hahahahhha.,The claim that civilians who participate in rallies for farmers are members of NPA has no basis,"Text, Reply",2022-10-15 21:27:00,Emotional,7,0,2,0,False,0.6809901938783441
104,58-105,30/03/2023 17:55:17,https://twitter.com/awwttss0808/status/1579699447403261952,aktibista npa since:2016-01-01 until:2022-12-31,@awwttss0808,Awwttss,None,Anonymous,2020-03-01,68,5,@eleps_slu Mga Aktibista hindi terorista??? Mga ulul mga lider nyo myembro ng NPA eh di damay kayo.... Mga uto uto kasi kayo hindi nyo alam background ng lider nyo,The claim the student leaders of UP are members of NPA has no basis,"Text, Reply",2022-10-11 13:04:00,Emotional,0,0,0,0,False,-0.35025140344172717
105,58-106,30/03/2023 17:55:17,https://twitter.com/Joelcptl/status/1579647734659035137,aktibista npa since:2016-01-01 until:2022-12-31,@Joelcptl,CAPT XRP (xum/xwm),crypto holder,Anonymous,2021-10-01,171,281,@inquirerdotnet Laban na mga kabataan na ginawa nyong AKTIBISTA AT NAGING NPA.  BAYAN GISING HUWAG HAYAAN NA SIRAIN NILA ANG KINABUKASAN NG ATING MGA KABATAAN,The claim that youth activists turn to become members of NPA has no basis,"Text, Reply",2022-10-11 09:39:00,Emotional,1,1,0,0,False,-0.20293117525314552
106,58-107,30/03/2023 17:55:17,https://twitter.com/dozZ3h_Vbril/status/1578020676270968837,aktibista npa since:2016-01-01 until:2022-12-31,@dozZ3h_Vbril,t ‚ù§_üíö k! rO „ÉÑ,‚ù§üíö‚úåüëä,Anonymous,2015-09-01,2150,3129,"Baka nakaka limutan niyo üòÇüòÇüòÇ kaya nag Martial Law noon si FEM dahil sa panggugulo ng NPA/Aktibista.

Subukan niyong galitin si PBBM üòÇüòÇüòÇ isa ako sa matutuwa pag nag Martial Law kasi kung mag patayan man mga NPA alam ng 31M na STYLE LANG YAN SABAY BINTANG SA IBA üòÇüòÇüòÇ","The claim that activists are associated with NPA has no basis.

The claim that activists caused Martial Law in the Philippines is false.",Text,2022-10-06 21:53:00,Emotional,4,0,1,0,False,0.23902950931259934
107,58-108,30/03/2023 17:55:17,https://twitter.com/vibarjenn7116/status/1577601044758269952,aktibista npa since:2016-01-01 until:2022-12-31,@vibarjenn7116,Jenn Vibar,None,Identified,2022-05-01,159,101,Tapos wala pang 24hrs may rally na  at ready na mga banners at plakcards nila oh diba ang bilis talaga ng mga aktibista nato eh kita nmn na yung mga may hawak ng banners eh parang inutusan lng naman..curious lng ako sa ‚ÄúKa Precy‚Äùü§îü§îü§îtunog CPP NPA ang dating https://t.co/74mAbZa3hZ,The claim that activists who call for justice for Percy Lapid are members of NPA has no basis.,"Text, Reply, Image",2022-10-05 18:06:00,Emotional,1,0,0,0,False,-0.20293117525314552
108,58-109,30/03/2023 17:55:18,https://twitter.com/AAlorab/status/1577164402628841472,aktibista npa since:2016-01-01 until:2022-12-31,@AAlorab,olin azia,None,Anonymous,2021-10-01,51,19,Mai connect?? Bakit hindi mo i condemn ang CPP-NPA-NDF sa patuloy na panggagamit sa mga journalists at aktibista?? Pumapatay para lang may maibato sa GOBYERNO!,The claim that activists and journalists are used by CPP/NPA/NDF has no basis,"Text, Reply",2022-10-04 13:11:00,Emotional,0,0,0,0,False,-0.35025140344172717
109,58-110,30/03/2023 17:55:18,https://twitter.com/Joelcptl/status/1577119286639747072,aktibista npa since:2016-01-01 until:2022-12-31,@Joelcptl,CAPT XRP (xum/xwm),crypto holder,Anonymous,2021-10-01,171,281,"@raissawriter @UNCHRSS Yan ang katotohanan kz ang KAMPON nyong liberal party dilawan CPP NPA NDF ay mga magkakasabwat, ang bilang ng mga martial law victim na namatay na sinasabi nyo ay mga kapwa npa at aktibista na pinag hihinalaan sa grupo as dpa kaya pinagpapatay mga demonyong salot kayo sa lipunan",The claim that supporters of the Aquinos and Liberal Party are conspiring with CPP/NPA/NDF has no basis,"Text, Reply",2022-10-04 10:11:00,Emotional,0,0,0,0,False,-0.35025140344172717
110,58-111,30/03/2023 17:55:18,https://twitter.com/betinacastle/status/1577052748968706048,aktibista npa since:2016-01-01 until:2022-12-31,@betinacastle,Betinacastle,None,Anonymous,2021-04-01,185,120,"@ABSCBNNews Tinumba ng dilawan-cpp-npa-ndf at ibibintang kay PBBM? 

Mag rarally na naman mga aktibista at gagatungan ng mga biased media sabay sumbong sa CHR at ICC. 

Style nila bulok",The claim that supporters of the Aquinos are associated with CPP/NPA/NDF has no basis,"Text, Reply",2022-10-04 05:47:00,Emotional,0,3,0,1,False,-0.35025140344172717
111,58-112,19/04/2023 15:28:09,https://twitter.com/lady_rose55/status/1291891775095767040,rally pumatay until:2021-12-31 since:2016-01-01,@lady_rose55,Rose Reyes,ASIAN Drama ENTHUSIAST...Recently CDrama inspired by my ARDENT FASCINATION & FIXATION with #TenMilesofPeachBlossoms #YangMi #MarkChao/Zhao,Anonymous,2017-04-01,255,51,@jkchan1234 Palpak pandemic response...sigaw ng mga orocans at power grabbers... Nag lockdown na nga tayo at contained na sana pero KAYO rally ng rally para pumatay ng mga taong dahil sa katangahan nila sumusunod sa inyo..pweee!,The claim that activists are murderers has no basis,"Text, Reply",2020-08-08 08:19:00,Emotional,2,0,1,0,False,-0.05561094706456391
112,58-113,19/04/2023 15:28:11,https://twitter.com/tweetmetomcruz/status/1151366930885820416,rally pumatay until:2021-12-31 since:2016-01-01,@tweetmetomcruz,TomCruz,"Entrepreneur, Economist, Patriot",Anonymous,2009-11-01,2048,3477,@ABSCBNNews @raffsantos Higit na maraming ginawang EJK ang mga bandido at komunistang NPA! Dun kayo mag rally sa harap ng Dutch embassy para pauwiin ang irresponsableng tunay na nag uutos na pumatay sa mga mahihirap ng kanayunan.,The claim that activists are responsible for the extra-judicial killings has no basis,"Text, Reply",2019-07-17 13:44:00,Emotional,4,0,1,0,False,0.23902950931259934
113,58-114,19/04/2023 15:28:11,https://twitter.com/ArdiAngeles/status/1054525145652518912,rally pumatay until:2021-12-31 since:2016-01-01,@ArdiAngeles,Ardi Angeles,None,Identified,2011-05-01,167,45,@upscientia Rally kayo ng rally eh kayong mga npa ang pumatay dyan,The claim that student activists are members of NPA has no basis,"Text, Reply",2018-10-23 08:09:00,Emotional,0,0,0,0,False,-0.35025140344172717
114,58-115,19/04/2023 15:28:12,https://twitter.com/Kc91910581/status/967631314630438914,rally pumatay until:2021-12-31 since:2016-01-01,@Kc91910581,Kc,Never again lP and dilaw Sila Ang salot sa natin bansa..Laban mga pilipino Ang Hindi bayaran pilipinoüòáüòá thank you Lord to protect my president Dueterte üòáüòá,Anonymous,2017-10-01,102,8,"@bulatlat @BayanMuna Sino ba pumatay sa farmer? Kayo Ang pumatay sa mga farmer bayan muna at bulatlat Kasi kayo Ang salot sa bansa Wala nga kayo nagawa sa bansa puro Lang kayo rally lista lol,√∞≈∏Àú¬è√∞≈∏Àú¬è√∞≈∏Àú¬è",The claim that activists from progressive sectors are responsible for the deaths of farmers has no basis,"Text, Reply",2018-02-25 13:24:00,Emotional,0,0,0,0,False,-0.35025140344172717
115,58-116,19/04/2023 15:28:12,https://twitter.com/alonbuenavista/status/935759392867323904,rally pumatay until:2021-12-31 since:2016-01-01,@alonbuenavista,tom,None,Anonymous,2016-04-01,257,14,@teddycasino Ano pinaglaban ng cpp npa teddy pantaypantay lupa ano pa mag aral kamo at magsikap sabihan mo mga member mo di pangingikil at pera sa rally inaasahan niyo magtrabaho kayo oi mga ogok.rebulosyon gusto niyo kumunista ideolihiya ng npa ang pumatay ng inosente tao.,The claim that Teddy Casino is a member of CPP NPA has no basis,"Text, Reply",2017-11-29 14:36:00,Emotional,0,0,0,0,False,-0.35025140344172717
117,58-118,19/04/2023 16:32:01,https://twitter.com/ApayaoP/status/1390448107872145410,aktibista terorista npa until:2021-12-31 since:2016-01-01,@ApayaoP,PNPApayaoPPO,To SERVE and PROTECT,Identified,2021-12-01,118,47,"Aktibista patungong terorista!
 
 Huwag magpaloko sa CPP-NPA-NDF!
 
 @PNPCordillera
 #PNPKakampiMo 
 #TeamPNP 
 #WeServeAndProtect https://t.co/RD8XtRKcFh",The claim that activists become members of NPA has no basis,"Text, Image",2021-05-07 07:27:00,Rational,1,0,0,0,False,-0.20293117525314552
118,58-119,19/04/2023 16:32:01,https://twitter.com/GreenBu15861625/status/1372645203341799428,aktibista terorista npa until:2021-12-31 since:2016-01-01,@GreenBu15861625,GreenButterfly,love to be on top,Anonymous,2019-05-01,242,12,"@Jaybonito @realree888 Are you sure Napako?
 Paano naman matitigil ang criminality kung ang kataas tasan na mga dilawan na politiko ay sumusuporta sa NPA. Dapat mamatay ang dapat mamatay, ang nagtatagong terorista sa mukha nang aktibista ay dapat patayin.
 #aktibistaMayhawaknaSANDATA","The claim that supporters of the Aquinos are supporters of NPA has no basis

The claim that members of NPA disguise as activists has no basis","Text, Reply",2021-03-19 04:24:00,Emotional,2,0,0,0,False,-0.05561094706456391
120,58-121,19/04/2023 16:32:01,https://twitter.com/cheztah522/status/1360500753425518599,aktibista terorista npa until:2021-12-31 since:2016-01-01,@cheztah522,You dont know me!!!,None,Anonymous,2016-09-01,793,16,"@natoreyes HAHAHAHAHA hoy BABALINO normal na talaga sa inyong nga AKTIBISTA/NPA TERORISTA SUPPORTER ang mag kalat ng kagaguhan in any forms ano? Sabagay. Sa rally nyo pa nga lang eh, lake nyo ng kalat sa mundo! Oras na talaga para isa isahin na kayong ikalaboso.",The claim that activists are associated with NPA has no basis,"Text, Reply",2021-02-13 16:07:00,Emotional,0,0,0,0,False,-0.35025140344172717
121,58-122,19/04/2023 16:32:02,https://twitter.com/AldusEthan/status/1351463944729329666,aktibista terorista npa until:2021-12-31 since:2016-01-01,@AldusEthan,Ethan Aldus,None,Anonymous,2020-11-01,2,1,"@sarahelago Defend UP ba kamo? Para ano, maging pugad ng NPA at mga pekeng aktibista na naging terorista? Tapos pondo ng taxpayer?
 Mga Gago.",The claim that student activists turn to become members of NPA has no basis,"Text, Reply",2021-01-19 17:38:00,Emotional,0,0,0,0,False,-0.35025140344172717
122,58-123,4/3/2023 04:17:02,https://twitter.com/DavidPCua/status/1496486792824254468,rally terorista since:2016-01-01 until:2022-12-31,@DavidPCua,d√É¬©bid √¢¬ù¬§√Ø¬∏¬è√¢‚Ç¨¬ç√∞≈∏‚Äù¬•,siomai connoisseur,Identified,2022-02-01,1022,1413,"others: √¢‚Ç¨≈ìrally kayo nang rally, mga terorista!√¢‚Ç¨¬ù
 also others: *aattend ng BBM-SARA rally
 
 √∞≈∏¬§¬™√∞≈∏¬§¬™√∞≈∏¬§¬™√∞≈∏¬§¬™√∞≈∏¬§¬™",The claim that civilians who rally are terrorists has no basis,Text,2022-02-23 22:07:00,Emotional,1,0,0,0,True,-0.20293117525314552
123,58-124,4/3/2023 04:17:02,https://twitter.com/barrett_cal50/status/1435886728523382788,rally terorista since:2016-01-01 until:2022-12-31,@barrett_cal50,Justin_C√∞≈∏‚Äô‚Ñ¢√∞≈∏¬è¬π√¢≈°‚Äù√¢≈ì≈í√∞≈∏‚Äò≈†,My opinions here are solely my own. I speak fluent Sarcasm. Lethal Marksman. Craves for Japanese cuisine. Beach addict. Believer of the Holy Trinity.√∞≈∏‚Ñ¢¬è √∞≈∏‚Äò¬ç√¢≈ì≈í√∞≈∏‚Äò≈†√∞≈∏¬è¬æ,Anonymous,2021-09-01,4427,2468,Rally rally na kayo mga Pesteng Terorista!,The claim that civilians who rally are terrorists has no basis,"Text, Reply",2021-09-09 16:44:00,Emotional,3,0,0,0,False,0.0917092811240177
124,58-125,4/3/2023 04:17:02,https://twitter.com/KugelBleister/status/1420714544897347589,rally terorista since:2016-01-01 until:2022-12-31,@KugelBleister,√∞≈∏‚Äò≈† toshed√¢≈ì≈í√Ø¬∏¬è,None,Anonymous,2021-07-01,287,242,@marortoll May mananagot talaga. Kayong mga NPA yun. Iisa isahin na kayong mga terorista kayo. Wala na kayo ginawa kungdi mag rally. Bilang na araw nyong mga teroristang hindot kayo. Sana maubos na kayo nang umusad naman ang bansa. Kaya ata tayo third world country pa din dahil sa tulad nyo,The claim that civilians who rally are terrorists has no basis,"Text, Reply",2021-07-29 19:55:00,Emotional,0,0,0,0,False,-0.35025140344172717
125,58-126,4/3/2023 04:17:02,https://twitter.com/maharshalal/status/1414910857155203072,rally terorista since:2016-01-01 until:2022-12-31,@maharshalal,Precious Ariel #BBM-SARA #SENDIGONG,precious child of GOD!,Anonymous,2021-07-01,1116,1492,Asus. Ano puro kasi rally at pagtatanggol sa mga terorista ang inatupag ninyo. Di kayo nakakatulong sa bayan. Kaya ayan kulelat. Magdusa kayo.,The claim that civilians who rally are terrorists has no basis,"Text, Reply",2021-07-13 19:33:00,Emotional,1,0,0,0,False,-0.20293117525314552
126,58-127,4/3/2023 04:17:02,https://twitter.com/itscdz/status/1383395418172583936,rally terorista since:2016-01-01 until:2022-12-31,@itscdz,Supremo,Where should i go?,Anonymous,2021-04-01,6,1,@GabrielaWomenPL Ulol mga terorista! Dun kayo sa west philippine sea mag rally,The claim that members of the Gabriela Partylist are terrorists has no basis,"Text, Reply",2021-04-17 20:22:00,Emotional,0,0,0,0,False,-0.35025140344172717
127,58-128,4/3/2023 04:17:02,https://twitter.com/rod_pinochet/status/1363645345331249152,rally terorista since:2016-01-01 until:2022-12-31,@rod_pinochet,Rodrigo Suharto Pinochet √∞≈∏‚Äò≈† √∞≈∏‚Ä°¬µ√∞≈∏‚Ä°¬≠ √∞≈∏‚Ñ¢‚Äπ√¢‚Ç¨¬ç√¢‚Ñ¢‚Äö√Ø¬∏¬è,"Proud DDS TROLL √¢‚Ñ¢¬•√Ø¬∏¬è√∞≈∏‚Ä°¬µ√∞≈∏‚Ä°¬≠ √∞≈∏‚Äô≈°Anti-Dilawan/Anti-CPP-NPA-NDF
 #BBMSARA √¢¬ù¬§√Ø¬∏¬è √∞≈∏‚Ä°¬µ√∞≈∏‚Ä°¬≠ √∞≈∏‚Äô≈°
 #YesToAntiTerrorismLaw √∞≈∏‚Äò≈† √∞≈∏‚Ä°¬µ√∞≈∏‚Ä°¬≠√∞≈∏‚Ñ¢‚Äπ√¢‚Ç¨¬ç√¢‚Ñ¢‚Äö√Ø¬∏¬è
 #FreeGenPalparan √∞≈∏‚Äò≈† √∞≈∏‚Ä°¬µ√∞≈∏‚Ä°¬≠ √∞≈∏‚Ñ¢‚Äπ√¢‚Ç¨¬ç√¢‚Ñ¢‚Äö√Ø¬∏¬è",Anonymous,2021-02-01,1175,580,@teddycasino TERORISTA naman kayo. Dapat nga matagal na kayong niraratrat tuwing may rally kayo.,The claim that Teddy Casino is a terrorist has no basis,"Text, Reply",2021-02-22 08:22:00,Emotional,3,0,0,0,False,0.0917092811240177
128,58-129,4/3/2023 04:17:02,https://twitter.com/demoCrazy86/status/1361094763466792960,rally terorista since:2016-01-01 until:2022-12-31,@demoCrazy86,NoMercy,"A person's mind is so POWERFUL. We can invent, create, experience and destroy things with THOUGHTS alone.",Anonymous,2021-02-01,289,63,@teddycasino Litsugas ipokpok mo yan s ulo mo boi lipstick ang hilig nyong sumakay s isyu ng ibang bansa palibhasa mga gawain nyong mga terorista kayo puro rally una gusto nyo gayahin ang protest rally ng Thailand sunod Washington ngayon naman Myanmar meron b kayong napapala √∞≈∏¬§¬£√∞≈∏¬§¬£√∞≈∏¬§¬£,The claim that Teddy Casino is a terrorist has no basis,"Text, Reply",2021-02-15 07:27:00,Emotional,0,0,0,0,False,-0.35025140344172717
129,58-130,4/3/2023 04:17:02,https://twitter.com/zarahmontano/status/1356478847294791681,rally terorista since:2016-01-01 until:2022-12-31,@zarahmontano,QUEENBEE √∞≈∏¬ê¬ù,"You hate me? That√¢‚Ç¨‚Ñ¢s good, now stfu",Anonymous,2021-02-01,170,49,@KabataanPL After rally magkakalat yang mga salot na ipis na yan! Kadiring idolohiya! Kayong mga terorista ang tunay na nagpapagulo sa Pilipinas!,The claim that activists are terrorists has no basis,"Text, Reply",2021-02-02 13:45:00,Emotional,6,0,2,0,False,0.5336699656897625
130,58-131,4/3/2023 04:17:02,https://twitter.com/crispy_maling/status/1354022063820824576,rally terorista since:2016-01-01 until:2022-12-31,@crispy_maling,unusual hilichurl √®¬µ¬§√£¬Å‚Äû√©¬¶¬¨,*retweeting cats* | √†¬≤¬•√¢≈í¬£√†¬≤¬•,Anonymous,2021-01-01,203,328,mga terorista amp bat nagra-rally,The claim that civilians who rally are terrorists has no basis,"Text, Reply",2021-01-26 19:03:00,Emotional,0,0,0,0,True,-0.35025140344172717
131,58-132,4/3/2023 04:17:02,https://twitter.com/MarC012378/status/1348022830626000896,rally terorista since:2016-01-01 until:2022-12-31,@MarC012378,Marl,Basketball Government & Politics Music Music & Entertainment Sports Weather News,Anonymous,2021-01-01,262,401,@teddycasino kung violence paguusapan dapat kayong mga NPA ang unang unang masususpinde. terorista kayo e. isunod na mga pasimuno ng rally rally na yan na pasakit lang sa trapiko sagabal sa daan.,The claim that Teddy Casino is a terrorist has no basis,"Text, Reply",2021-01-10 05:44:00,Emotional,5,0,0,0,False,0.38634973750118096
132,58-133,4/3/2023 04:17:02,https://twitter.com/OMGoys/status/1344067633939795968,rally terorista since:2016-01-01 until:2022-12-31,@OMGoys,√∞≈∏≈í¬∏Goys√∞≈∏≈í¬∏,LENI FOR PRESIDENT 2022,Anonymous,2021-12-01,510,621,Puro reklamo kasi e. Terorista ka rally ka ng rally. Dapat tumulong ka na lang sa mga Kastila. #NasaPusoKoAngGobernadorHeneral #RizalDay #rizalday2020 https://t.co/2y1nGkvNAI,The claim that civilians who rally are terrorists has no basis,"Text, Reply, Image",2021-12-30 07:47:00,Emotional,0,0,0,0,True,-0.35025140344172717
133,58-134,4/3/2023 04:17:02,https://twitter.com/magoo887/status/1331221842225475585,rally terorista since:2016-01-01 until:2022-12-31,@magoo887,magoo88,None,Anonymous,2020-11-01,35,10,@News5PH Oh umamin na. Rally now terorista later!!,The claim that civilians who rally are terrorists has no basis,"Text, Reply",2020-11-24 21:03:00,Emotional,0,0,0,0,False,-0.35025140344172717
134,58-135,4/3/2023 04:17:02,https://twitter.com/boytambling2k/status/1326088312306733056,rally terorista since:2016-01-01 until:2022-12-31,@boytambling2k,AnTHOnY,None,Anonymous,2020-11-01,149,24,"@teddycasino hahahha parang bata lang idiot Teddy √∞≈∏Àú‚Äö√∞≈∏Àú‚Äö√∞≈∏Àú‚Äö tas pag di nagustuhan , rally na naman √∞≈∏Àú¬¨√∞≈∏Àú¬¨√∞≈∏Àú¬¨√∞≈∏Àú¬¨. magka virus ka sanang terorista ka!!",The claim that Teddy Casino is a terrorist has no basis,"Text, Reply",2020-11-10 17:04:00,Emotional,0,0,0,0,False,-0.35025140344172717
135,58-136,4/3/2023 04:17:02,https://twitter.com/rising_hail/status/1323906455980843008,rally terorista since:2016-01-01 until:2022-12-31,@rising_hail,Hailey √¢¬ù¬§√Ø¬∏¬è√∞≈∏‚Äô≈°,"I Stand With President Duterte √∞≈∏‚Äò≈†√∞≈∏‚Ä°¬µ√∞≈∏‚Ä°¬≠
 BBM-SDC Supporter √¢≈ì≈í√∞≈∏¬è¬ª√∞≈∏‚Äò≈†√∞≈∏¬è¬ª√¢¬ù¬§√Ø¬∏¬è√∞≈∏‚Ä°¬µ√∞≈∏‚Ä°¬≠
 
 #ProudDDS",Anonymous,2020-11-01,663,587,@teddycasino Ikaw nga terorista pinagkakitaan mo pa yung mga rally nio budget napunta sa bulsa mo tapos papakaen mo sa pamilya mo. Kadiri. √∞≈∏¬§¬Æ,The claim that Teddy Casino is a terrorist has no basis,"Text, Reply",2020-11-04 16:34:00,Emotional,2,0,0,0,False,-0.05561094706456391
136,58-137,4/18/2023 09:37:17,https://twitter.com/doubletree108/status/1603845334844993537,rally bayad since:2016-01-01 until:2022-12-31,@doubletree108,RMG,None,Anonymous,2022-12-01,77,94,"@natoreyes Kung bawasan din kaya ang bayad sa yo tuwing mag rally ka, happy ka kaya?",The claim that activists receive income from going to rallies has no basis,"Text, Reply",2022-12-17 04:11:00,Emotional,0,0,0,0,False,-0.35025140344172717
137,58-138,4/18/2023 09:37:17,https://twitter.com/santebago2003/status/1603582737461698560,rally bayad since:2016-01-01 until:2022-12-31,@santebago2003,Susan Jorge,None,Anonymous,2022-12-01,67,14,"@modernjuana @pinoyanghang May bayad yan!
 need nila magrally para mapadalhan sila ni JS (yung nasa Netherlands) ng funds...ang pic ng rally ay evidence to get paid",The claim that activists receive income from going to rallies has no basis,"Text, Reply",2022-12-16 10:48:00,Emotional,10,0,0,0,False,1.122950878444089
138,58-139,4/18/2023 09:37:17,https://twitter.com/makimak99542184/status/1602843394962690048,rally bayad since:2016-01-01 until:2022-12-31,@makimak99542184,makimaki,None,Anonymous,2022-12-01,43,31,@LakasNgTimog May bayad kasi rally. Pano nmn hanapbuhay ng kawawang NPA pag may mandatory ROTC?√∞≈∏Àú‚Äö,The claim that activists receive income from going to rallies has no basis,"Text, Reply",2022-12-14 09:50:00,Emotional,1,0,0,0,False,-0.20293117525314552
139,58-140,4/18/2023 09:37:17,https://twitter.com/todongpnoy/status/1602673514108309507,rally bayad since:2016-01-01 until:2022-12-31,@todongpnoy,todongpnoy,Y driver,Anonymous,2022-12-01,2946,1738,Last year ay P 300 ang bayad ng mga rally participants.,The claim that activists receive 300 pesos from going to rallies has no basis,"Text, Reply",2022-12-13 22:35:00,Emotional,1,0,0,0,False,-0.20293117525314552
140,58-141,4/18/2023 09:37:17,https://twitter.com/Juliusrobles274/status/1601438936756523011,rally bayad since:2016-01-01 until:2022-12-31,@Juliusrobles274,√ó‚Äô'√ó‚Ä¢√ó≈ì√ó‚Ñ¢√ó‚Ä¢√ó¬° √ó¬®√ó‚Ä¢√ó‚Äò√ó≈ì√ó¬°,"DU30 Diehard Supporters (DDS)
 No to CPP-NPA-NDF
 #NTFELCAC
 #EO70",Anonymous,2022-12-01,1009,788,@Paps_Caloy Muntikan na.. hindi kayang magbayad nang hospital bill ang 500 petot na bayad sa rally.,The claim that activists receive 500 pesos from going to rallies has no basis,"Text, Reply",2022-12-10 12:49:00,Emotional,0,0,0,0,False,-0.35025140344172717
141,58-142,4/18/2023 09:37:17,https://twitter.com/Vanessa35764566/status/1601377958748307456,rally bayad since:2016-01-01 until:2022-12-31,@Vanessa35764566,Denki,For Mobile Legends purposes!,Anonymous,2022-12-01,20,7,@jhomer_apresto @dzbb @gmanews Yung 500 lang bayad sayo para mag rally tapos mamamatay ka pa!,The claim that activists receive 500 pesos from going to rallies has no basis,"Text, Reply",2022-12-10 08:47:00,Emotional,0,0,0,0,False,-0.35025140344172717
142,58-143,4/18/2023 09:37:17,https://twitter.com/Barda_han/status/1600292682500575233,rally bayad since:2016-01-01 until:2022-12-31,@Barda_han,Magna_Kaw,Barda Han,Anonymous,2022-12-01,15,1,@Jai05945392 @PinoyAkoBlog Bobo ka talaga haha... Hindi mo alam ang BILLION kasi nga 500 petot lang ang bayad sa pulangaw kada hakot sa rally nyo lol,The claim that activists receive income from going to rallies has no basis,"Text, Reply",2022-12-07 08:54:00,Emotional,0,0,0,0,False,-0.35025140344172717
143,58-144,4/18/2023 09:37:17,https://twitter.com/archiekins29/status/1600172799326572544,rally bayad since:2016-01-01 until:2022-12-31,@archiekins29,Richard Ruiz,"√¢‚Ç¨≈ìSo many tweets, so little time.√¢‚Ç¨¬ù proud to be #AsalKalye",Identified,2022-12-01,351,438,@juan_masangkay @teddycasino @BayanMuna Hindi miyembro ng Bayan Muna ang mga iyan. Miyembro sila ng Bayad Muna bago rally. Kaya konti lamang kasi kinulang sa pondo.,The claim that Bayan Muna members receive income from going to rallies has no basis,"Text, Reply",2022-12-07 00:58:00,Emotional,2,0,0,0,False,-0.05561094706456391
144,58-145,4/18/2023 09:37:17,https://twitter.com/MR_DJ1987/status/1598097376950226945,rally bayad since:2016-01-01 until:2022-12-31,@MR_DJ1987,JV,None,Anonymous,2022-12-01,133,13,@Jeimar Para saan yung pinaglalaban nyo eh hindi naman kayo nagta trabaho puro kayo rally. So anung sahod po ba gusto nyo itaas??? Yung bayad sa inyo pag nagra rally √∞≈∏Àú‚Ä¶√∞≈∏Àú‚Äö,The claim that activists receive income from going to rallies has no basis,"Text, Reply",2022-12-01 07:31:00,Emotional,0,5,0,1,False,-0.35025140344172717
145,58-146,4/18/2023 09:37:17,https://twitter.com/dacuma_l/status/1572832004395368448,rally bayad since:2016-01-01 until:2022-12-31,@dacuma_l,Leonardo L Dacuma,None,Anonymous,2022-06-01,41,0,"@IndayM28 √∞≈∏¬¶¬ß√∞≈∏¬ê‚Äô√∞≈∏¬ê¬µMAY BAYAD pag sumama ka sa rally, demo, at iba pa, galing yata nilang mag recruit, manghingi, mag extortion, √∞≈∏¬§¬£√∞≈∏¬§¬£√∞≈∏¬§¬£√∞≈∏¬§¬£",The claim that activists receive income from going to rallies has no basis,"Text, Reply",2022-06-15 20:28:00,Emotional,3,0,0,0,False,0.0917092811240177
146,58-147,4/18/2023 09:37:17,https://twitter.com/JedzMaverick/status/1585973835634917376,rally bayad since:2016-01-01 until:2022-12-31,@JedzMaverick,Jedz Maverick,just joined & just saying lang mga comments ko..,Anonymous,2022-10-01,150,40,@_miggypot29 Mukhang pera lang yang mga yan! Rally bayad..di principyo yan pera lang,The claim that activists receive income from going to rallies has no basis,"Text, Reply",2022-10-28 20:36:00,Emotional,2,0,0,0,False,-0.05561094706456391
147,58-148,4/18/2023 09:37:17,https://twitter.com/grefilb777/status/1578704592237260800,rally bayad since:2016-01-01 until:2022-12-31,@grefilb777,Greg Benedicto,None,Anonymous,2022-10-01,1,2,@natoreyes Don't worry wlang tax Ang bayad sayo sa pag rally hahahahaha wla kng burden tax free yang hanapbuhay mo √∞≈∏Àú‚Äö√∞≈∏Àú‚Äö√∞≈∏Àú‚Äö mas yayaman ka Lalo,The claim that activists receive income from going to rallies has no basis,"Text, Reply",2022-10-08 19:11:00,Emotional,0,0,0,0,False,-0.35025140344172717
148,58-149,4/18/2023 09:37:17,https://twitter.com/Cristin32063742/status/1578673780091940865,rally bayad since:2016-01-01 until:2022-12-31,@Cristin32063742,Cristina Mendoza Blanco,Straightforward,Identified,2022-10-01,103,25,@GonzagaKii @Paps_Caloy Nagugutom n nman ang mga punyemas na ito kaya nag rally n nman magkano kaya bayad sa kanila????,The claim that activists receive income from going to rallies has no basis,"Text, Reply",2022-10-08 17:08:00,Emotional,0,0,0,0,False,-0.35025140344172717
149,58-150,4/18/2023 09:37:17,https://twitter.com/BatangXv2/status/1577894600341159938,rally bayad since:2016-01-01 until:2022-12-31,@BatangXv2,Batang X v2,None,Anonymous,2022-10-01,3,0,"@natoreyes Ok lang po un, wag mo takutin sarili mo sir. Tropa mo lang ung na nakaalitan mo, kc di ma binigyan ng malaking parte dun sa huling rally niyo na malaki bayad... √∞≈∏Àú¬Å",The claim that activists receive income from going to rallies has no basis,"Text, Reply",2022-10-06 13:32:00,Emotional,0,0,0,0,False,-0.35025140344172717
150,58-151,4/18/2023 09:37:17,https://twitter.com/CabanelaDoms/status/1573558310531641345,rally bayad since:2016-01-01 until:2022-12-31,@CabanelaDoms,Doms Cabanela,None,Anonymous,2022-09-01,69,20,@beacupin So what eh hanap buhay nila yan laki bayad dyan kada rally mga ogag yang mga yan gusto lang nila guluhin ang bansa hindi nman mga pinoy ang mga yan katulad nila yong isang lutang na siniraan ang pH sa Un.,The claim that activists receive income from going to rallies has no basis,"Text, Reply",2022-09-24 14:21:00,Emotional,0,0,0,0,False,-0.35025140344172717
151,58-152,4/18/2023 09:37:17,https://twitter.com/Vardoger_Fylgje/status/1573502875413581824,rally bayad since:2016-01-01 until:2022-12-31,@Vardoger_Fylgje,doppelg√É¬§nger,None,Anonymous,2022-09-01,89,10,T*ng*n* Tanda! Ang kapal ng mukha mo. Sana man lang nagresearch ka bago mo tinanggap ang bayad para mag rally. D ka pala updated eh! Ano sinisigaw mo dyan?? Sabog utak at bunganga ka eh √∞≈∏‚Äì‚Ä¢√∞≈∏‚Äì‚Ä¢√∞≈∏‚Äì‚Ä¢,The claim that activists receive income from going to rallies has no basis,"Text, Reply",2022-09-24 10:41:00,Emotional,2,0,1,0,False,-0.05561094706456391
